# Per-city monthly history, built by scripts/import-rdc-history.mjs from
# Realtor.com's ZIP history file. One row per city per month.
# Aggregated identically to the current month (scripts/rdc-shared.mjs).
# zipCount is how many ZIPs reported that month; a change in it can move the
# median for reasons that have nothing to do with the market.
# Columns: slug,month,medianPrice,pricePerSqft,daysOnMarket,activeListings,zipCount
slug,month,medianPrice,pricePerSqft,daysOnMarket,activeListings,zipCount
milwaukee,201607,130000,103,47,2068,22
milwaukee,201608,129900,102,46,2077,22
milwaukee,201609,129900,102,56,2071,22
milwaukee,201610,129900,102,57,1971,22
milwaukee,201611,125000,98,60,1875,22
milwaukee,201612,124900,99,68,1606,22
milwaukee,201701,112200,87,74,1496,22
milwaukee,201702,118225,88,59,1583,22
milwaukee,201703,131200,104,48,1704,22
milwaukee,201704,132000,106,41,1848,22
milwaukee,201705,134950,106,38,1882,22
milwaukee,201706,137500,105,40,1951,22
milwaukee,201707,135000,107,39,2006,22
milwaukee,201708,135000,105,44,2011,22
milwaukee,201709,135450,106,46,1988,22
milwaukee,201710,138650,106,52,1936,22
milwaukee,201711,132200,106,57,1763,22
milwaukee,201712,129250,96,66,1465,22
milwaukee,201801,125950,95,71,1306,22
milwaukee,201802,124175,96,56,1337,22
milwaukee,201803,139700,106,40,1430,22
milwaukee,201804,139900,109,37,1501,22
milwaukee,201805,144450,109,36,1532,22
milwaukee,201806,148900,110,36,1530,22
milwaukee,201807,149900,116,38,1556,22
milwaukee,201808,148900,116,33,1567,22
milwaukee,201809,148700,115,41,1538,22
milwaukee,201810,148750,115,41,1513,22
milwaukee,201811,145000,113,48,1398,22
milwaukee,201812,139950,111,57,1230,22
milwaukee,201901,139675,104,64,1081,22
milwaukee,201902,139900,104,50,1089,22
milwaukee,201903,146329,106,40,1188,22
milwaukee,201904,153791,109,34,1302,22
milwaukee,201905,142450,112,33,1326,22
milwaukee,201906,154900,117,32,1367,22
milwaukee,201907,158800,118,36,1356,22
milwaukee,201908,153564,113,37,1397,22
milwaukee,201909,151559,114,39,1469,22
milwaukee,201910,152448,115,40,1505,22
milwaukee,201911,149400,112,46,1321,22
milwaukee,201912,144900,108,54,1136,22
milwaukee,202001,147450,101,60,1015,22
milwaukee,202002,149900,111,41,1011,22
milwaukee,202003,158950,116,33,1088,22
milwaukee,202004,149900,119,36,1051,22
milwaukee,202005,159900,120,41,1059,22
milwaukee,202006,160375,125,31,1162,22
milwaukee,202007,169000,134,32,1159,22
milwaukee,202008,169900,132,27,1287,22
milwaukee,202009,174900,134,31,1399,22
milwaukee,202010,179950,138,31,1389,22
milwaukee,202011,178675,130,38,1210,22
milwaukee,202012,172725,135,44,985,22
milwaukee,202101,162450,131,39,834,22
milwaukee,202102,171200,131,34,850,22
milwaukee,202103,172425,134,35,890,22
milwaukee,202104,165950,132,28,982,22
milwaukee,202105,179900,143,25,1043,22
milwaukee,202106,189900,121,24,1225,22
milwaukee,202107,189900,124,29,1359,22
milwaukee,202108,180500,131,32,1454,22
milwaukee,202109,184900,137,35,1474,22
milwaukee,202110,185000,141,37,1424,22
milwaukee,202111,179975,133,41,1356,22
milwaukee,202112,173650,120,45,1130,22
milwaukee,202201,175000,120,47,793,22
milwaukee,202202,172150,126,32,877,22
milwaukee,202203,176250,137,30,854,22
milwaukee,202204,186950,139,30,873,22
milwaukee,202205,199675,141,24,984,22
milwaukee,202206,206414,141,28,1047,22
milwaukee,202207,218950,147,26,1101,22
milwaukee,202208,205950,139,30,1090,22
milwaukee,202209,203450,140,35,1032,22
milwaukee,202210,194900,141,36,1001,22
milwaukee,202211,192400,136,36,943,22
milwaukee,202212,176950,125,44,737,22
milwaukee,202301,161225,122,50,612,22
milwaukee,202302,179900,122,40,608,22
milwaukee,202303,166625,131,28,602,22
milwaukee,202304,175000,126,29,648,22
milwaukee,202305,199000,138,26,669,22
milwaukee,202306,191175,145,27,697,22
milwaukee,202307,206950,155,26,743,22
milwaukee,202308,209975,157,24,874,21
milwaukee,202309,205000,143,27,984,22
milwaukee,202310,207500,139,29,1007,22
milwaukee,202311,212400,140,33,967,22
milwaukee,202312,207950,139,40,801,22
milwaukee,202401,199800,146,40,714,22
milwaukee,202402,194900,149,38,668,22
milwaukee,202403,195000,151,30,686,22
milwaukee,202404,222375,150,32,752,22
milwaukee,202405,239925,158,31,803,22
milwaukee,202406,238250,167,34,911,22
milwaukee,202407,251200,172,29,796,22
milwaukee,202408,249850,165,29,880,22
milwaukee,202409,235000,157,30,906,22
milwaukee,202410,245000,169,31,977,22
milwaukee,202411,242450,171,33,996,22
milwaukee,202412,255450,170,40,855,22
milwaukee,202501,256950,163,43,725,22
milwaukee,202502,248675,165,35,732,22
milwaukee,202503,239900,162,34,793,22
milwaukee,202504,249900,176,31,804,22
milwaukee,202505,259000,184,28,838,22
milwaukee,202506,259675,183,29,858,22
milwaukee,202507,271950,182,30,890,22
milwaukee,202508,259900,188,29,950,22
milwaukee,202509,268724,180,29,1000,22
milwaukee,202510,259925,189,29,1041,22
milwaukee,202511,249900,190,36,1001,22
milwaukee,202512,248400,186,45,844,22
milwaukee,202601,243750,178,54,742,21
milwaukee,202602,241850,181,33,787,21
milwaukee,202603,243725,179,34,893,22
milwaukee,202604,259300,168,33,968,22
milwaukee,202605,249950,188,35,1068,22
milwaukee,202606,259400,194,36,1049,22
wauwatosa,201607,239900,142,38,76,1
wauwatosa,201608,232500,142,32,86,1
wauwatosa,201609,224975,138,44,84,1
wauwatosa,201610,207950,134,51,76,1
wauwatosa,201611,204900,135,46,73,1
wauwatosa,201612,205500,138,66,50,1
wauwatosa,201701,218475,142,80,43,1
wauwatosa,201702,224900,140,31,52,1
wauwatosa,201703,234950,139,26,69,1
wauwatosa,201704,229900,137,29,80,1
wauwatosa,201705,242400,143,29,88,1
wauwatosa,201706,249200,142,30,91,1
wauwatosa,201707,241950,145,32,95,1
wauwatosa,201708,218975,142,30,88,1
wauwatosa,201709,225000,146,36,86,1
wauwatosa,201710,243900,142,41,82,1
wauwatosa,201711,244925,141,51,58,1
wauwatosa,201712,219900,136,57,38,1
wauwatosa,201801,209475,137,48,35,1
wauwatosa,201802,229900,152,24,58,1
wauwatosa,201803,254500,158,27,67,1
wauwatosa,201804,256850,156,27,59,1
wauwatosa,201805,256725,157,23,72,1
wauwatosa,201806,249900,154,23,89,1
wauwatosa,201807,244850,156,35,84,1
wauwatosa,201808,224900,153,38,80,1
wauwatosa,201809,250000,154,34,82,1
wauwatosa,201810,249500,155,33,85,1
wauwatosa,201811,231450,157,47,66,1
wauwatosa,201812,239000,152,59,46,1
wauwatosa,201901,234900,148,54,35,1
wauwatosa,201902,266900,155,24,50,1
wauwatosa,201903,276329,156,25,66,1
wauwatosa,201904,278829,168,22,86,1
wauwatosa,201905,272400,167,30,78,1
wauwatosa,201906,269900,166,28,77,1
wauwatosa,201907,274975,160,30,74,1
wauwatosa,201908,269473,161,31,72,1
wauwatosa,201909,261332,161,31,73,1
wauwatosa,201910,254950,161,32,74,1
wauwatosa,201911,250000,162,45,65,1
wauwatosa,201912,239900,163,59,40,1
wauwatosa,202001,264475,164,65,34,1
wauwatosa,202002,288700,164,32,51,1
wauwatosa,202003,294500,167,36,46,1
wauwatosa,202004,304450,176,28,40,1
wauwatosa,202005,294900,183,29,43,1
wauwatosa,202006,288675,177,22,60,1
wauwatosa,202007,299900,178,27,69,1
wauwatosa,202008,289450,172,25,69,1
wauwatosa,202009,283725,174,24,78,1
wauwatosa,202010,279900,172,29,82,1
wauwatosa,202011,257500,164,35,57,1
wauwatosa,202012,229950,167,39,38,1
wauwatosa,202101,239900,180,39,32,1
wauwatosa,202102,306400,182,23,38,1
wauwatosa,202103,302450,189,23,37,1
wauwatosa,202104,287400,181,19,47,1
wauwatosa,202105,299900,187,22,63,1
wauwatosa,202106,294900,179,23,80,1
wauwatosa,202107,309900,183,23,78,1
wauwatosa,202108,309925,180,28,75,1
wauwatosa,202109,314750,184,29,71,1
wauwatosa,202110,316000,182,34,75,1
wauwatosa,202111,289925,180,30,70,1
wauwatosa,202112,299925,184,42,52,1
wauwatosa,202201,297450,172,50,31,1
wauwatosa,202202,299900,190,26,33,1
wauwatosa,202203,337400,203,19,39,1
wauwatosa,202204,325000,204,23,40,1
wauwatosa,202205,359974,205,15,40,1
wauwatosa,202206,389900,213,22,50,1
wauwatosa,202207,379900,202,24,45,1
wauwatosa,202208,358650,201,27,48,1
wauwatosa,202209,349675,202,31,44,1
wauwatosa,202210,359900,196,28,47,1
wauwatosa,202211,357400,206,34,40,1
wauwatosa,202212,304900,200,51,27,1
wauwatosa,202301,285925,205,56,17,1
wauwatosa,202302,362400,209,19,17,1
wauwatosa,202303,389900,213,20,19,1
wauwatosa,202304,389900,223,21,22,1
wauwatosa,202305,391675,223,20,27,1
wauwatosa,202306,389950,228,21,33,1
wauwatosa,202307,394950,220,28,26,1
wauwatosa,202308,343675,216,17,28,1
wauwatosa,202309,384900,220,23,33,1
wauwatosa,202310,384900,214,26,30,1
wauwatosa,202311,377175,209,21,33,1
wauwatosa,202312,402450,213,35,20,1
wauwatosa,202401,392800,210,39,18,1
wauwatosa,202402,449900,243,35,18,1
wauwatosa,202403,382500,228,16,29,1
wauwatosa,202404,397175,233,26,29,1
wauwatosa,202405,409900,232,19,35,1
wauwatosa,202406,411950,229,25,35,1
wauwatosa,202407,399950,234,16,36,1
wauwatosa,202408,389900,235,24,45,1
wauwatosa,202409,389850,230,22,40,1
wauwatosa,202410,386225,229,23,45,1
wauwatosa,202411,392000,230,33,37,1
wauwatosa,202412,389350,230,29,23,1
wauwatosa,202501,383850,216,34,21,1
wauwatosa,202502,389700,228,25,25,1
wauwatosa,202503,429900,242,22,29,1
wauwatosa,202504,409950,233,21,29,1
wauwatosa,202505,435000,243,22,34,1
wauwatosa,202506,438975,240,22,40,1
wauwatosa,202507,399700,250,26,32,1
wauwatosa,202508,399000,246,20,33,1
wauwatosa,202509,397900,237,20,51,1
wauwatosa,202510,369400,234,29,49,1
wauwatosa,202511,349950,243,32,31,1
wauwatosa,202512,369725,232,47,23,1
wauwatosa,202601,399900,256,34,17,1
wauwatosa,202602,467400,242,25,26,1
wauwatosa,202603,425000,242,20,30,1
wauwatosa,202604,404675,239,26,28,1
wauwatosa,202605,399900,249,26,38,1
wauwatosa,202606,409925,253,25,33,1
west-allis,201607,124900,99,52,154,1
west-allis,201608,124975,99,56,143,1
west-allis,201609,125375,97,64,136,1
west-allis,201610,125000,99,58,134,1
west-allis,201611,123900,99,53,134,1
west-allis,201612,119900,95,65,117,1
west-allis,201701,118450,95,74,101,1
west-allis,201702,120200,98,67,103,1
west-allis,201703,127375,101,47,119,1
west-allis,201704,129900,105,36,134,1
west-allis,201705,129963,109,37,129,1
west-allis,201706,129975,109,36,131,1
west-allis,201707,134900,107,42,122,1
west-allis,201708,135937,109,37,124,1
west-allis,201709,139900,110,39,120,1
west-allis,201710,137925,109,43,121,1
west-allis,201711,133500,107,48,111,1
west-allis,201712,131700,106,59,97,1
west-allis,201801,129900,104,70,85,1
west-allis,201802,130950,104,54,77,1
west-allis,201803,135000,107,35,82,1
west-allis,201804,139000,105,37,76,1
west-allis,201805,139900,109,23,81,1
west-allis,201806,142250,112,30,91,1
west-allis,201807,141050,113,33,87,1
west-allis,201808,141050,110,29,103,1
west-allis,201809,139900,109,33,104,1
west-allis,201810,138800,109,41,106,1
west-allis,201811,134900,108,45,98,1
west-allis,201812,136200,109,54,83,1
west-allis,201901,134900,112,62,62,1
west-allis,201902,137500,114,64,63,1
west-allis,201903,135893,114,40,62,1
west-allis,201904,126875,109,35,59,1
west-allis,201905,151925,115,21,63,1
west-allis,201906,159900,118,27,72,1
west-allis,201907,157063,121,29,73,1
west-allis,201908,151441,122,29,78,1
west-allis,201909,149927,121,30,80,1
west-allis,201910,148975,121,31,81,1
west-allis,201911,144950,119,41,74,1
west-allis,201912,147000,121,45,56,1
west-allis,202001,146200,120,52,52,1
west-allis,202002,145000,123,38,50,1
west-allis,202003,146150,127,37,56,1
west-allis,202004,140000,121,32,54,1
west-allis,202005,157450,120,30,55,1
west-allis,202006,158825,123,26,67,1
west-allis,202007,159950,123,26,71,1
west-allis,202008,162400,119,27,75,1
west-allis,202009,163650,127,29,84,1
west-allis,202010,162450,131,32,75,1
west-allis,202011,159900,130,31,72,1
west-allis,202012,159900,128,38,54,1
west-allis,202101,172400,135,45,41,1
west-allis,202102,159900,140,30,41,1
west-allis,202103,175375,138,25,46,1
west-allis,202104,177225,137,26,49,1
west-allis,202105,179450,139,22,64,1
west-allis,202106,181500,139,22,66,1
west-allis,202107,179900,140,24,70,1
west-allis,202108,185975,143,29,74,1
west-allis,202109,183725,144,29,81,1
west-allis,202110,179450,142,30,76,1
west-allis,202111,179825,142,30,62,1
west-allis,202112,175000,140,40,47,1
west-allis,202201,179900,151,45,31,1
west-allis,202202,176700,146,25,33,1
west-allis,202203,176425,146,19,42,1
west-allis,202204,174900,147,23,56,1
west-allis,202205,187425,145,23,55,1
west-allis,202206,197450,150,22,61,1
west-allis,202207,194900,150,29,72,1
west-allis,202208,199475,162,36,48,1
west-allis,202209,199925,167,33,42,1
west-allis,202210,219950,157,23,37,1
west-allis,202211,228725,162,27,39,1
west-allis,202212,219900,159,36,22,1
west-allis,202301,198425,159,18,27,1
west-allis,202302,189800,152,24,31,1
west-allis,202303,191075,164,29,31,1
west-allis,202304,199000,164,21,24,1
west-allis,202305,199450,154,23,30,1
west-allis,202306,212400,163,17,32,1
west-allis,202307,212450,164,22,50,1
west-allis,202308,216950,179,24,40,1
west-allis,202309,219900,182,23,38,1
west-allis,202310,219225,174,25,43,1
west-allis,202311,215000,172,29,29,1
west-allis,202312,219950,175,28,23,1
west-allis,202401,224725,177,35,17,1
west-allis,202402,224725,187,25,17,1
west-allis,202403,229000,191,16,29,1
west-allis,202404,220000,198,21,37,1
west-allis,202405,222475,189,27,36,1
west-allis,202406,249900,189,16,42,1
west-allis,202407,254200,200,24,41,1
west-allis,202408,239900,189,23,43,1
west-allis,202409,252400,196,24,34,1
west-allis,202410,239675,197,24,37,1
west-allis,202411,239900,189,24,41,1
west-allis,202412,239900,181,39,37,1
west-allis,202501,240925,185,35,28,1
west-allis,202502,237475,195,26,22,1
west-allis,202503,235000,202,24,23,1
west-allis,202504,249900,199,22,29,1
west-allis,202505,254500,194,18,42,1
west-allis,202506,265475,199,22,45,1
west-allis,202507,270925,201,24,49,1
west-allis,202508,263950,205,25,51,1
west-allis,202509,265000,202,24,49,1
west-allis,202510,259925,202,29,50,1
west-allis,202511,259900,197,38,44,1
west-allis,202512,252400,195,51,35,1
west-allis,202601,257400,197,44,27,1
west-allis,202602,264950,203,26,32,1
west-allis,202603,266175,211,24,30,1
west-allis,202604,273650,216,29,30,1
west-allis,202605,269900,217,24,32,1
west-allis,202606,252475,214,24,40,1
greenfield,201607,145400,111,45,94,1
greenfield,201608,149925,111,47,86,1
greenfield,201609,151995,113,42,95,1
greenfield,201610,152900,112,44,82,1
greenfield,201611,149250,107,54,73,1
greenfield,201612,149950,105,58,58,1
greenfield,201701,153650,105,55,56,1
greenfield,201702,144700,105,58,54,1
greenfield,201703,154500,107,32,59,1
greenfield,201704,154900,107,30,77,1
greenfield,201705,168150,111,33,80,1
greenfield,201706,167400,116,41,79,1
greenfield,201707,159900,113,33,87,1
greenfield,201708,159900,118,37,84,1
greenfield,201709,159900,123,38,74,1
greenfield,201710,159900,123,41,80,1
greenfield,201711,151225,122,47,84,1
greenfield,201712,149900,120,65,63,1
greenfield,201801,158175,121,88,49,1
greenfield,201802,159675,119,70,47,1
greenfield,201803,159900,118,35,64,1
greenfield,201804,153975,119,27,75,1
greenfield,201805,152998,120,28,79,1
greenfield,201806,163900,124,31,64,1
greenfield,201807,164975,127,27,72,1
greenfield,201808,171150,126,32,74,1
greenfield,201809,174900,128,37,77,1
greenfield,201810,163125,123,39,68,1
greenfield,201811,158950,123,39,66,1
greenfield,201812,156850,130,44,43,1
greenfield,201901,153275,130,34,40,1
greenfield,201902,149900,123,30,42,1
greenfield,201903,164485,127,32,50,1
greenfield,201904,186111,131,31,56,1
greenfield,201905,178675,130,29,61,1
greenfield,201906,174900,129,30,62,1
greenfield,201907,168000,126,27,64,1
greenfield,201908,170791,130,30,68,1
greenfield,201909,173102,130,30,72,1
greenfield,201910,174643,129,32,71,1
greenfield,201911,174900,126,37,65,1
greenfield,201912,169800,122,47,55,1
greenfield,202001,162250,123,54,41,1
greenfield,202002,161450,134,37,40,1
greenfield,202003,169900,133,34,46,1
greenfield,202004,189150,134,37,39,1
greenfield,202005,194450,138,28,40,1
greenfield,202006,196175,136,22,68,1
greenfield,202007,189900,139,34,74,1
greenfield,202008,189900,139,29,65,1
greenfield,202009,189925,135,27,69,1
greenfield,202010,194900,136,25,66,1
greenfield,202011,189900,144,31,63,1
greenfield,202012,188250,139,39,52,1
greenfield,202101,189450,135,43,39,1
greenfield,202102,189675,136,45,35,1
greenfield,202103,209675,153,29,35,1
greenfield,202104,219675,153,23,45,1
greenfield,202105,219900,158,22,55,1
greenfield,202106,206175,154,25,71,1
greenfield,202107,210000,155,23,78,1
greenfield,202108,219900,156,29,74,1
greenfield,202109,214950,159,30,78,1
greenfield,202110,214900,156,36,71,1
greenfield,202111,214974,161,35,62,1
greenfield,202112,219900,161,45,50,1
greenfield,202201,232450,161,45,28,1
greenfield,202202,225000,160,30,22,1
greenfield,202203,225000,163,23,23,1
greenfield,202204,229900,158,16,36,1
greenfield,202205,248300,161,24,35,1
greenfield,202206,242150,163,20,40,1
greenfield,202207,239900,165,23,51,1
greenfield,202208,228900,164,27,44,1
greenfield,202209,229950,160,25,35,1
greenfield,202210,252450,168,23,40,1
greenfield,202211,224925,167,29,36,1
greenfield,202212,236450,162,28,28,1
greenfield,202301,241175,170,38,19,1
greenfield,202302,242450,205,34,17,1
greenfield,202303,243700,163,22,18,1
greenfield,202304,250000,171,16,25,1
greenfield,202305,247900,174,25,31,1
greenfield,202306,266150,188,26,19,1
greenfield,202307,269900,179,25,16,1
greenfield,202308,272425,175,18,27,1
greenfield,202309,252450,192,22,28,1
greenfield,202310,248500,183,34,23,1
greenfield,202311,242225,178,26,20,1
greenfield,202312,252200,183,26,21,1
greenfield,202401,275000,182,35,14,1
greenfield,202402,249925,179,27,13,1
greenfield,202403,275000,179,22,13,1
greenfield,202404,269950,189,14,22,1
greenfield,202405,269900,193,23,29,1
greenfield,202406,272400,185,23,28,1
greenfield,202407,289400,192,23,26,1
greenfield,202408,279900,182,18,30,1
greenfield,202409,289913,194,24,33,1
greenfield,202410,283225,197,23,40,1
greenfield,202411,279900,196,31,33,1
greenfield,202412,292375,196,37,21,1
greenfield,202501,288725,199,45,20,1
greenfield,202502,282450,200,30,23,1
greenfield,202503,272450,187,23,27,1
greenfield,202504,290650,187,25,31,1
greenfield,202505,286325,199,27,33,1
greenfield,202506,281000,200,20,37,1
greenfield,202507,290925,202,29,39,1
greenfield,202508,304450,209,25,36,1
greenfield,202509,302125,214,29,34,1
greenfield,202510,286175,222,23,38,1
greenfield,202511,270000,206,36,32,1
greenfield,202512,269975,200,37,27,1
greenfield,202601,270000,200,38,28,1
greenfield,202602,263750,199,50,18,1
greenfield,202603,287400,206,21,23,1
greenfield,202604,307400,220,28,27,1
greenfield,202605,317450,219,24,33,1
greenfield,202606,318675,214,28,41,1
oak-creek,201607,225000,131,37,117,1
oak-creek,201608,229900,128,41,106,1
oak-creek,201609,227450,130,43,106,1
oak-creek,201610,244900,131,43,100,1
oak-creek,201611,239900,136,42,96,1
oak-creek,201612,214900,136,59,78,1
oak-creek,201701,215000,135,60,65,1
oak-creek,201702,217500,132,44,69,1
oak-creek,201703,229900,129,33,80,1
oak-creek,201704,229900,132,33,95,1
oak-creek,201705,259700,134,34,118,1
oak-creek,201706,259900,132,32,116,1
oak-creek,201707,239900,132,36,100,1
oak-creek,201708,231150,129,42,94,1
oak-creek,201709,234900,137,39,86,1
oak-creek,201710,223550,133,38,88,1
oak-creek,201711,224900,135,48,76,1
oak-creek,201712,239900,139,59,60,1
oak-creek,201801,249900,139,49,56,1
oak-creek,201802,237400,143,45,56,1
oak-creek,201803,244900,145,50,52,1
oak-creek,201804,244950,143,24,62,1
oak-creek,201805,243725,144,31,71,1
oak-creek,201806,249900,145,28,95,1
oak-creek,201807,259900,146,31,89,1
oak-creek,201808,263650,146,33,97,1
oak-creek,201809,259900,139,42,92,1
oak-creek,201810,250000,144,48,83,1
oak-creek,201811,264750,148,42,66,1
oak-creek,201812,264750,150,57,55,1
oak-creek,201901,262475,155,56,54,1
oak-creek,201902,265000,152,42,66,1
oak-creek,201903,264226,148,38,70,1
oak-creek,201904,272498,144,35,79,1
oak-creek,201905,274950,147,34,87,1
oak-creek,201906,269900,150,32,100,1
oak-creek,201907,273175,147,35,101,1
oak-creek,201908,272209,147,37,100,1
oak-creek,201909,268098,149,39,98,1
oak-creek,201910,265357,149,42,94,1
oak-creek,201911,269900,150,48,76,1
oak-creek,201912,247400,152,59,55,1
oak-creek,202001,252400,152,53,58,1
oak-creek,202002,269700,159,37,64,1
oak-creek,202003,269900,163,32,69,1
oak-creek,202004,279675,162,35,68,1
oak-creek,202005,277000,158,30,76,1
oak-creek,202006,276000,157,31,79,1
oak-creek,202007,274925,158,31,77,1
oak-creek,202008,287450,159,29,74,1
oak-creek,202009,277450,155,30,75,1
oak-creek,202010,272400,155,32,68,1
oak-creek,202011,249950,158,33,63,1
oak-creek,202012,252500,171,41,49,1
oak-creek,202101,249900,168,47,47,1
oak-creek,202102,242425,162,37,39,1
oak-creek,202103,299900,158,25,37,1
oak-creek,202104,298675,151,22,39,1
oak-creek,202105,324900,161,22,47,1
oak-creek,202106,319900,166,24,57,1
oak-creek,202107,300000,166,22,78,1
oak-creek,202108,307450,173,28,96,1
oak-creek,202109,316250,171,37,89,1
oak-creek,202110,329900,175,50,78,1
oak-creek,202111,334950,177,48,65,1
oak-creek,202112,374975,200,39,45,1
oak-creek,202201,404950,201,57,37,1
oak-creek,202202,410000,216,22,42,1
oak-creek,202203,449950,228,31,49,1
oak-creek,202204,435750,223,35,63,1
oak-creek,202205,436363,228,36,67,1
oak-creek,202206,399925,210,38,76,1
oak-creek,202207,399900,211,36,85,1
oak-creek,202208,428000,220,37,88,1
oak-creek,202209,429900,225,45,84,1
oak-creek,202210,449900,248,58,78,1
oak-creek,202211,456225,259,62,85,1
oak-creek,202212,480500,270,58,77,1
oak-creek,202301,501500,289,86,66,1
oak-creek,202302,495000,279,67,67,1
oak-creek,202303,505975,285,43,63,1
oak-creek,202304,515500,266,32,74,1
oak-creek,202305,467200,265,30,84,1
oak-creek,202306,471500,264,44,82,1
oak-creek,202307,455000,259,37,89,1
oak-creek,202308,451250,253,36,96,1
oak-creek,202309,469900,254,47,89,1
oak-creek,202310,475450,265,33,77,1
oak-creek,202311,478250,267,48,72,1
oak-creek,202312,495000,268,74,62,1
oak-creek,202401,498750,271,84,57,1
oak-creek,202402,465500,264,37,50,1
oak-creek,202403,450000,249,31,47,1
oak-creek,202404,434950,236,32,53,1
oak-creek,202405,451250,252,34,57,1
oak-creek,202406,447400,239,43,65,1
oak-creek,202407,449975,240,37,47,1
oak-creek,202408,450000,235,17,66,1
oak-creek,202409,448725,237,33,78,1
oak-creek,202410,450000,238,44,74,1
oak-creek,202411,424950,239,49,65,1
oak-creek,202412,454950,244,53,55,1
oak-creek,202501,472400,253,68,48,1
oak-creek,202502,478925,264,24,50,1
oak-creek,202503,469900,261,30,60,1
oak-creek,202504,454800,246,40,60,1
oak-creek,202505,443000,231,31,65,1
oak-creek,202506,449900,239,37,56,1
oak-creek,202507,438300,246,26,57,1
oak-creek,202508,437700,245,33,56,1
oak-creek,202509,432650,248,36,55,1
oak-creek,202510,429925,240,36,57,1
oak-creek,202511,429900,240,37,59,1
oak-creek,202512,441150,248,56,41,1
oak-creek,202601,439900,252,71,39,1
oak-creek,202602,444900,252,61,36,1
oak-creek,202603,430650,251,43,40,1
oak-creek,202604,413700,253,30,47,1
oak-creek,202605,424900,243,28,57,1
oak-creek,202606,439950,250,34,60,1
franklin,201607,252450,124,37,150,1
franklin,201608,239900,122,43,140,1
franklin,201609,240450,127,44,137,1
franklin,201610,245000,127,45,140,1
franklin,201611,249900,127,55,130,1
franklin,201612,279900,129,71,100,1
franklin,201701,301175,134,81,77,1
franklin,201702,285900,136,59,83,1
franklin,201703,289900,137,36,105,1
franklin,201704,293500,135,32,125,1
franklin,201705,287050,137,32,125,1
franklin,201706,280000,136,31,128,1
franklin,201707,284900,135,32,133,1
franklin,201708,271175,134,35,123,1
franklin,201709,259900,131,36,120,1
franklin,201710,273675,135,49,118,1
franklin,201711,279900,136,50,101,1
franklin,201712,279900,136,60,82,1
franklin,201801,269389,137,61,64,1
franklin,201802,268475,137,35,77,1
franklin,201803,292450,138,30,95,1
franklin,201804,292950,141,30,107,1
franklin,201805,296125,141,27,128,1
franklin,201806,289900,140,36,116,1
franklin,201807,297625,139,36,113,1
franklin,201808,299225,138,35,109,1
franklin,201809,296750,138,37,98,1
franklin,201810,288475,138,31,112,1
franklin,201811,287200,141,41,108,1
franklin,201812,289950,138,61,82,1
franklin,201901,292300,144,51,68,1
franklin,201902,298450,146,39,67,1
franklin,201903,299400,145,38,79,1
franklin,201904,314500,143,36,97,1
franklin,201905,304950,140,31,113,1
franklin,201906,295000,142,30,129,1
franklin,201907,299925,144,35,127,1
franklin,201908,311064,145,34,130,1
franklin,201909,297809,146,36,132,1
franklin,201910,291423,146,38,134,1
franklin,201911,292400,143,49,108,1
franklin,201912,296225,143,63,87,1
franklin,202001,312000,146,63,78,1
franklin,202002,314400,146,43,83,1
franklin,202003,300000,148,31,97,1
franklin,202004,304900,148,33,101,1
franklin,202005,325000,153,40,102,1
franklin,202006,347150,154,36,124,1
franklin,202007,369450,160,34,134,1
franklin,202008,359900,160,33,141,1
franklin,202009,344500,153,33,149,1
franklin,202010,315000,153,37,129,1
franklin,202011,323675,154,43,108,1
franklin,202012,319750,163,45,78,1
franklin,202101,342000,164,50,63,1
franklin,202102,352450,165,37,67,1
franklin,202103,346925,166,26,81,1
franklin,202104,328225,163,26,86,1
franklin,202105,326000,164,28,93,1
franklin,202106,359950,168,22,103,1
franklin,202107,372400,169,29,111,1
franklin,202108,358125,166,29,117,1
franklin,202109,349900,166,37,104,1
franklin,202110,349900,170,32,89,1
franklin,202111,349900,173,37,87,1
franklin,202112,327450,182,42,67,1
franklin,202201,334900,192,43,45,1
franklin,202202,399900,192,23,52,1
franklin,202203,416150,189,25,49,1
franklin,202204,414900,192,23,54,1
franklin,202205,399975,181,22,77,1
franklin,202206,399900,181,23,85,1
franklin,202207,397000,190,29,80,1
franklin,202208,437888,193,31,89,1
franklin,202209,447975,201,34,87,1
franklin,202210,429900,192,33,88,1
franklin,202211,384675,189,42,84,1
franklin,202212,429900,214,44,69,1
franklin,202301,438650,218,48,57,1
franklin,202302,428675,219,40,46,1
franklin,202303,437450,209,27,35,1
franklin,202304,422400,192,22,43,1
franklin,202305,401175,196,22,59,1
franklin,202306,399925,202,27,58,1
franklin,202307,424900,207,25,57,1
franklin,202308,429999,208,30,61,1
franklin,202309,445900,214,29,64,1
franklin,202310,417450,206,29,70,1
franklin,202311,397450,202,34,60,1
franklin,202312,399900,202,43,52,1
franklin,202401,424950,205,44,46,1
franklin,202402,499225,215,32,41,1
franklin,202403,499900,219,27,54,1
franklin,202404,479950,215,30,63,1
franklin,202405,482450,205,29,64,1
franklin,202406,454900,207,30,73,1
franklin,202407,440225,213,24,72,1
franklin,202408,449900,215,29,78,1
franklin,202409,471150,225,35,75,1
franklin,202410,467400,222,30,74,1
franklin,202411,449900,226,36,71,1
franklin,202412,448900,228,46,44,1
franklin,202501,429900,227,52,43,1
franklin,202502,422400,218,30,40,1
franklin,202503,437500,226,27,45,1
franklin,202504,472250,223,29,45,1
franklin,202505,450000,227,23,61,1
franklin,202506,458675,230,27,72,1
franklin,202507,452564,219,23,80,1
franklin,202508,445555,210,23,110,1
franklin,202509,452475,214,31,116,1
franklin,202510,426190,214,37,99,1
franklin,202511,425000,209,36,85,1
franklin,202512,399425,209,46,60,1
franklin,202601,400000,215,38,55,1
franklin,202602,476200,215,35,52,1
franklin,202603,449900,218,33,51,1
franklin,202604,449900,218,34,55,1
franklin,202605,507450,217,24,68,1
franklin,202606,494850,222,32,77,1
shorewood,201607,329950,165,46,132,1
shorewood,201608,329925,163,57,123,1
shorewood,201609,337450,168,60,129,1
shorewood,201610,319900,165,61,130,1
shorewood,201611,332050,165,65,116,1
shorewood,201612,345000,165,82,91,1
shorewood,201701,369900,162,90,75,1
shorewood,201702,334900,162,63,88,1
shorewood,201703,349900,166,36,109,1
shorewood,201704,332394,163,40,120,1
shorewood,201705,337400,163,37,130,1
shorewood,201706,366238,171,37,125,1
shorewood,201707,384900,171,46,119,1
shorewood,201708,378675,176,50,110,1
shorewood,201709,379900,171,56,104,1
shorewood,201710,379900,170,46,114,1
shorewood,201711,349900,169,53,102,1
shorewood,201712,352400,169,74,80,1
shorewood,201801,409950,168,85,70,1
shorewood,201802,446975,182,41,75,1
shorewood,201803,399000,184,31,89,1
shorewood,201804,389450,182,36,107,1
shorewood,201805,374900,182,40,111,1
shorewood,201806,369000,179,43,96,1
shorewood,201807,364900,176,55,92,1
shorewood,201808,344900,175,40,96,1
shorewood,201809,356000,182,35,94,1
shorewood,201810,342400,180,48,91,1
shorewood,201811,375725,179,54,81,1
shorewood,201812,342000,174,65,65,1
shorewood,201901,361950,176,64,56,1
shorewood,201902,372875,189,37,66,1
shorewood,201903,411357,190,36,80,1
shorewood,201904,462450,186,36,97,1
shorewood,201905,432175,186,38,101,1
shorewood,201906,400000,188,39,108,1
shorewood,201907,419000,194,45,98,1
shorewood,201908,394964,189,45,99,1
shorewood,201909,391609,188,46,97,1
shorewood,201910,386650,187,46,96,1
shorewood,201911,379900,190,65,79,1
shorewood,201912,415000,191,72,55,1
shorewood,202001,465500,197,71,48,1
shorewood,202002,410000,196,30,64,1
shorewood,202003,378675,197,29,78,1
shorewood,202004,362400,189,34,71,1
shorewood,202005,400000,196,39,92,1
shorewood,202006,406000,196,44,97,1
shorewood,202007,399900,195,37,97,1
shorewood,202008,404450,197,42,92,1
shorewood,202009,414900,198,41,72,1
shorewood,202010,409450,190,37,68,1
shorewood,202011,394450,192,47,63,1
shorewood,202012,394450,202,56,59,1
shorewood,202101,379000,191,47,39,1
shorewood,202102,392400,198,33,39,1
shorewood,202103,454950,190,21,43,1
shorewood,202104,429900,188,23,59,1
shorewood,202105,432000,206,23,67,1
shorewood,202106,450575,209,25,78,1
shorewood,202107,397000,195,28,69,1
shorewood,202108,399700,194,30,63,1
shorewood,202109,406450,194,32,72,1
shorewood,202110,384900,194,30,74,1
shorewood,202111,363650,200,37,60,1
shorewood,202112,364950,208,51,46,1
shorewood,202201,412500,210,37,39,1
shorewood,202202,469175,200,29,40,1
shorewood,202203,478000,218,35,36,1
shorewood,202204,487450,220,22,36,1
shorewood,202205,549975,230,22,47,1
shorewood,202206,549975,227,29,50,1
shorewood,202207,494450,222,28,55,1
shorewood,202208,484900,214,29,58,1
shorewood,202209,469900,215,34,48,1
shorewood,202210,462450,203,49,42,1
shorewood,202211,449450,217,36,37,1
shorewood,202212,407400,204,42,35,1
shorewood,202301,353750,207,44,22,1
shorewood,202302,361250,202,31,29,1
shorewood,202303,407475,211,38,26,1
shorewood,202304,445000,239,30,27,1
shorewood,202305,449450,234,24,27,1
shorewood,202306,453950,228,23,28,1
shorewood,202307,499900,214,19,39,1
shorewood,202308,464900,212,26,40,1
shorewood,202309,489000,230,29,41,1
shorewood,202310,477400,234,29,43,1
shorewood,202311,499225,242,33,44,1
shorewood,202312,477400,252,39,28,1
shorewood,202401,520000,249,24,28,1
shorewood,202402,564475,255,31,37,1
shorewood,202403,614450,256,27,50,1
shorewood,202404,587450,240,30,59,1
shorewood,202405,612400,243,45,51,1
shorewood,202406,579900,237,30,56,1
shorewood,202407,567450,253,30,45,1
shorewood,202408,524950,257,31,46,1
shorewood,202409,509313,259,32,49,1
shorewood,202410,552400,264,34,41,1
shorewood,202411,499900,261,41,33,1
shorewood,202412,435000,270,45,27,1
shorewood,202501,438725,266,27,20,1
shorewood,202502,544900,270,23,28,1
shorewood,202503,544900,259,23,36,1
shorewood,202504,583725,263,23,41,1
shorewood,202505,549000,251,23,50,1
shorewood,202506,620000,243,24,48,1
shorewood,202507,556975,236,29,43,1
shorewood,202508,490000,248,25,42,1
shorewood,202509,488250,251,29,43,1
shorewood,202510,519225,248,33,42,1
shorewood,202511,529000,247,47,26,1
shorewood,202512,479650,241,48,23,1
shorewood,202601,462500,247,43,19,1
shorewood,202602,571725,244,29,28,1
shorewood,202603,599900,258,30,34,1
shorewood,202604,564388,249,33,30,1
shorewood,202605,564000,249,29,35,1
shorewood,202606,562000,272,29,49,1
whitefish-bay,201607,350000,154,51,253,1
whitefish-bay,201608,349950,153,62,240,1
whitefish-bay,201609,360725,158,60,236,1
whitefish-bay,201610,419900,161,63,218,1
whitefish-bay,201611,414500,160,70,192,1
whitefish-bay,201612,389000,168,78,150,1
whitefish-bay,201701,427500,171,64,131,1
whitefish-bay,201702,437500,174,37,165,1
whitefish-bay,201703,448500,172,36,180,1
whitefish-bay,201704,444450,171,41,179,1
whitefish-bay,201705,439000,170,41,190,1
whitefish-bay,201706,426175,166,38,203,1
whitefish-bay,201707,424900,164,43,209,1
whitefish-bay,201708,424975,166,52,198,1
whitefish-bay,201709,424900,162,57,180,1
whitefish-bay,201710,424900,162,54,179,1
whitefish-bay,201711,419900,162,66,160,1
whitefish-bay,201712,421950,162,80,126,1
whitefish-bay,201801,448675,161,68,118,1
whitefish-bay,201802,434000,169,31,162,1
whitefish-bay,201803,460000,170,37,186,1
whitefish-bay,201804,449725,168,43,184,1
whitefish-bay,201805,449000,170,41,198,1
whitefish-bay,201806,442450,170,41,198,1
whitefish-bay,201807,426975,165,45,201,1
whitefish-bay,201808,424950,165,51,192,1
whitefish-bay,201809,435000,166,52,189,1
whitefish-bay,201810,417400,166,51,177,1
whitefish-bay,201811,395950,166,53,165,1
whitefish-bay,201812,379900,162,63,143,1
whitefish-bay,201901,369950,165,56,132,1
whitefish-bay,201902,399900,166,32,174,1
whitefish-bay,201903,408471,166,36,181,1
whitefish-bay,201904,459900,167,41,187,1
whitefish-bay,201905,468350,173,40,184,1
whitefish-bay,201906,435000,167,40,185,1
whitefish-bay,201907,434500,169,47,181,1
whitefish-bay,201908,423364,168,49,169,1
whitefish-bay,201909,420909,166,47,167,1
whitefish-bay,201910,420973,164,46,165,1
whitefish-bay,201911,435000,165,50,143,1
whitefish-bay,201912,454450,175,60,119,1
whitefish-bay,202001,439725,175,61,105,1
whitefish-bay,202002,430000,169,40,136,1
whitefish-bay,202003,433750,171,39,156,1
whitefish-bay,202004,436225,174,43,160,1
whitefish-bay,202005,449000,175,47,154,1
whitefish-bay,202006,464950,180,40,157,1
whitefish-bay,202007,474950,185,37,153,1
whitefish-bay,202008,429945,175,35,156,1
whitefish-bay,202009,398475,171,39,143,1
whitefish-bay,202010,399700,177,43,122,1
whitefish-bay,202011,399800,177,43,109,1
whitefish-bay,202012,399900,172,49,79,1
whitefish-bay,202101,393500,179,44,74,1
whitefish-bay,202102,414925,194,33,70,1
whitefish-bay,202103,499450,200,33,67,1
whitefish-bay,202104,439225,197,23,83,1
whitefish-bay,202105,429000,194,28,92,1
whitefish-bay,202106,429750,200,27,107,1
whitefish-bay,202107,417450,194,26,122,1
whitefish-bay,202108,399900,187,35,111,1
whitefish-bay,202109,399925,198,31,100,1
whitefish-bay,202110,389900,197,32,100,1
whitefish-bay,202111,381175,194,44,84,1
whitefish-bay,202112,422675,198,57,55,1
whitefish-bay,202201,438000,201,51,46,1
whitefish-bay,202202,440200,214,22,59,1
whitefish-bay,202203,461175,224,25,65,1
whitefish-bay,202204,499650,206,23,57,1
whitefish-bay,202205,525000,207,19,63,1
whitefish-bay,202206,529725,218,22,80,1
whitefish-bay,202207,524950,216,23,88,1
whitefish-bay,202208,476250,204,32,79,1
whitefish-bay,202209,457450,204,32,68,1
whitefish-bay,202210,449900,206,30,54,1
whitefish-bay,202211,437400,207,32,57,1
whitefish-bay,202212,489500,204,48,40,1
whitefish-bay,202301,597425,202,48,36,1
whitefish-bay,202302,606225,214,25,47,1
whitefish-bay,202303,649975,239,30,48,1
whitefish-bay,202304,650000,239,31,42,1
whitefish-bay,202305,569000,237,22,52,1
whitefish-bay,202306,554450,240,22,68,1
whitefish-bay,202307,585000,238,30,62,1
whitefish-bay,202308,583725,254,29,56,1
whitefish-bay,202309,515000,245,26,64,1
whitefish-bay,202310,496750,238,30,69,1
whitefish-bay,202311,499950,238,30,66,1
whitefish-bay,202312,499900,238,41,40,1
whitefish-bay,202401,506200,249,40,34,1
whitefish-bay,202402,656725,253,21,43,1
whitefish-bay,202403,659900,261,23,57,1
whitefish-bay,202404,584750,259,32,64,1
whitefish-bay,202405,628500,251,29,71,1
whitefish-bay,202406,550000,246,34,73,1
whitefish-bay,202407,536250,241,30,66,1
whitefish-bay,202408,549900,242,30,66,1
whitefish-bay,202409,542863,238,23,74,1
whitefish-bay,202410,528000,226,29,91,1
whitefish-bay,202411,499900,230,42,89,1
whitefish-bay,202412,498675,231,52,71,1
whitefish-bay,202501,514500,232,65,52,1
whitefish-bay,202502,549900,251,23,53,1
whitefish-bay,202503,550000,251,30,54,1
whitefish-bay,202504,644675,271,27,63,1
whitefish-bay,202505,589000,261,23,88,1
whitefish-bay,202506,577000,250,31,87,1
whitefish-bay,202507,626200,262,29,81,1
whitefish-bay,202508,634900,256,31,70,1
whitefish-bay,202509,599900,263,30,81,1
whitefish-bay,202510,587450,252,35,79,1
whitefish-bay,202511,550000,250,45,67,1
whitefish-bay,202512,497250,239,53,54,1
whitefish-bay,202601,527500,250,58,40,1
whitefish-bay,202602,647250,253,35,47,1
whitefish-bay,202603,629500,261,33,62,1
whitefish-bay,202604,704900,269,37,58,1
whitefish-bay,202605,682000,273,26,78,1
whitefish-bay,202606,599900,265,32,77,1
glendale,201607,73450,62,60,181,1
glendale,201608,70500,63,60,183,1
glendale,201609,66450,58,58,185,1
glendale,201610,65000,57,57,194,1
glendale,201611,65000,56,62,177,1
glendale,201612,64900,55,72,158,1
glendale,201701,59950,51,67,151,1
glendale,201702,61500,53,55,154,1
glendale,201703,66500,55,53,154,1
glendale,201704,73200,57,38,171,1
glendale,201705,79700,60,43,165,1
glendale,201706,77450,61,44,170,1
glendale,201707,77450,61,50,173,1
glendale,201708,72450,62,54,164,1
glendale,201709,75000,64,52,175,1
glendale,201710,74400,63,52,177,1
glendale,201711,79900,67,65,153,1
glendale,201712,78000,68,85,120,1
glendale,201801,74075,67,75,97,1
glendale,201802,76500,63,41,102,1
glendale,201803,79900,67,37,121,1
glendale,201804,75950,66,35,128,1
glendale,201805,93450,75,39,111,1
glendale,201806,99900,80,39,125,1
glendale,201807,94450,79,43,124,1
glendale,201808,86500,76,38,132,1
glendale,201809,96550,82,43,130,1
glendale,201810,98442,81,45,137,1
glendale,201811,86200,75,48,136,1
glendale,201812,92000,76,53,123,1
glendale,201901,85950,75,55,125,1
glendale,201902,88400,76,43,129,1
glendale,201903,88829,78,43,136,1
glendale,201904,84579,76,45,141,1
glendale,201905,84900,78,39,130,1
glendale,201906,86200,80,39,130,1
glendale,201907,88200,80,38,126,1
glendale,201908,87382,79,37,130,1
glendale,201909,91105,80,38,135,1
glendale,201910,93586,81,38,140,1
glendale,201911,98900,81,46,138,1
glendale,201912,89900,80,59,123,1
glendale,202001,87450,76,58,121,1
glendale,202002,86000,77,51,124,1
glendale,202003,95300,82,45,148,1
glendale,202004,96850,84,44,150,1
glendale,202005,99800,89,53,142,1
glendale,202006,109900,89,50,125,1
glendale,202007,129175,95,46,100,1
glendale,202008,129900,98,31,90,1
glendale,202009,122475,94,30,109,1
glendale,202010,120000,94,33,102,1
glendale,202011,116950,98,29,96,1
glendale,202012,104700,94,36,98,1
glendale,202101,89950,85,47,81,1
glendale,202102,86750,85,43,91,1
glendale,202103,101175,88,43,95,1
glendale,202104,104950,85,36,87,1
glendale,202105,114450,95,30,85,1
glendale,202106,129900,104,22,106,1
glendale,202107,124900,103,24,142,1
glendale,202108,129900,106,39,147,1
glendale,202109,142400,109,39,135,1
glendale,202110,149900,109,35,125,1
glendale,202111,129925,104,36,122,1
glendale,202112,120925,104,45,111,1
glendale,202201,123375,104,45,93,1
glendale,202202,127450,105,37,110,1
glendale,202203,129000,104,39,111,1
glendale,202204,124700,105,30,107,1
glendale,202205,120000,109,33,107,1
glendale,202206,126450,115,31,107,1
glendale,202207,125000,115,30,116,1
glendale,202208,137950,115,34,127,1
glendale,202209,130000,110,41,119,1
glendale,202210,134800,112,38,99,1
glendale,202211,137625,112,35,107,1
glendale,202212,134800,107,43,88,1
glendale,202301,132950,105,41,72,1
glendale,202302,129750,104,29,80,1
glendale,202303,117850,103,37,81,1
glendale,202304,130000,105,31,82,1
glendale,202305,139675,114,30,83,1
glendale,202306,136200,114,34,82,1
glendale,202307,129900,114,25,107,1
glendale,202308,127425,114,32,120,1
glendale,202309,129900,114,31,125,1
glendale,202310,129900,112,38,125,1
glendale,202311,144500,116,36,120,1
glendale,202312,142450,116,42,114,1
glendale,202401,139175,113,45,101,1
glendale,202402,148175,114,45,92,1
glendale,202403,150000,114,29,97,1
glendale,202404,149950,118,32,101,1
glendale,202405,149900,122,33,120,1
glendale,202406,148650,120,44,128,1
glendale,202407,160500,124,30,100,1
glendale,202408,171000,126,29,105,1
glendale,202409,169925,129,33,105,1
glendale,202410,162500,129,34,116,1
glendale,202411,159950,133,39,118,1
glendale,202412,152475,128,43,99,1
glendale,202501,150000,129,40,92,1
glendale,202502,151725,129,39,93,1
glendale,202503,149950,129,34,102,1
glendale,202504,149925,131,34,96,1
glendale,202505,161950,133,29,104,1
glendale,202506,169700,137,30,106,1
glendale,202507,171175,136,30,105,1
glendale,202508,169900,136,33,111,1
glendale,202509,158225,137,32,129,1
glendale,202510,165950,140,35,139,1
glendale,202511,167450,137,37,126,1
glendale,202512,165450,134,53,104,1
glendale,202601,169250,135,64,90,1
glendale,202602,177450,143,36,106,1
glendale,202603,167475,143,35,101,1
glendale,202604,156975,142,38,107,1
glendale,202605,169450,141,34,115,1
glendale,202606,168225,141,36,103,1
hales-corners,201607,239900,133,45,32,1
hales-corners,201608,234900,134,42,35,1
hales-corners,201609,229450,137,44,37,1
hales-corners,201610,225000,142,59,37,1
hales-corners,201611,224900,142,64,31,1
hales-corners,201612,242000,140,72,25,1
hales-corners,201701,237425,139,91,24,1
hales-corners,201702,242450,140,83,25,1
hales-corners,201703,237400,141,31,31,1
hales-corners,201704,234900,133,35,34,1
hales-corners,201705,254450,134,47,35,1
hales-corners,201706,250425,138,49,31,1
hales-corners,201707,259500,144,33,28,1
hales-corners,201708,264975,141,45,32,1
hales-corners,201709,237450,140,39,34,1
hales-corners,201710,231450,137,51,28,1
hales-corners,201711,239900,127,62,17,1
hales-corners,201712,269900,124,66,10,1
hales-corners,201801,269900,127,79,11,1
hales-corners,201802,259975,127,29,13,1
hales-corners,201803,259900,129,35,13,1
hales-corners,201804,264700,132,34,18,1
hales-corners,201805,247475,142,17,23,1
hales-corners,201806,246950,147,36,25,1
hales-corners,201807,234900,141,28,21,1
hales-corners,201808,267500,152,38,19,1
hales-corners,201809,270450,134,40,18,1
hales-corners,201810,278725,132,43,19,1
hales-corners,201811,280000,132,39,19,1
hales-corners,201812,277350,127,60,15,1
hales-corners,201901,278625,131,69,15,1
hales-corners,201902,258300,136,39,16,1
hales-corners,201903,250093,147,35,18,1
hales-corners,201904,251618,147,33,17,1
hales-corners,201905,259950,146,36,15,1
hales-corners,201906,268839,144,28,19,1
hales-corners,201907,266725,143,36,16,1
hales-corners,201908,269568,147,36,16,1
hales-corners,201909,269755,151,36,16,1
hales-corners,201910,267404,153,40,15,1
hales-corners,201911,282900,147,58,13,1
hales-corners,201912,248500,150,74,10,1
hales-corners,202001,245000,150,45,14,1
hales-corners,202002,250000,148,36,14,1
hales-corners,202003,249975,155,37,12,1
hales-corners,202004,266175,156,33,9,1
hales-corners,202005,272400,162,27,10,1
hales-corners,202006,259900,165,29,13,1
hales-corners,202007,257400,167,21,14,1
hales-corners,202008,249900,156,31,13,1
hales-corners,202009,238675,157,24,15,1
hales-corners,202010,239900,156,29,17,1
hales-corners,202011,255000,156,36,13,1
hales-corners,202012,250875,152,54,6,1
hales-corners,202101,336950,151,45,4,1
hales-corners,202102,322450,157,20,7,1
hales-corners,202103,257400,173,24,7,1
hales-corners,202104,277812,195,16,6,1
hales-corners,202105,279000,180,22,11,1
hales-corners,202106,324900,154,19,14,1
hales-corners,202107,304900,162,33,15,1
hales-corners,202108,311150,162,23,22,1
hales-corners,202109,291150,170,31,19,1
hales-corners,202110,289900,167,27,14,1
hales-corners,202111,314900,163,33,9,1
hales-corners,202112,283725,184,32,11,1
hales-corners,202201,370000,179,29,5,1
hales-corners,202202,399900,163,21,6,1
hales-corners,202203,364675,177,30,7,1
hales-corners,202204,299900,193,21,9,1
hales-corners,202205,337400,170,23,14,1
hales-corners,202206,341950,169,30,9,1
hales-corners,202207,264950,173,40,9,1
hales-corners,202208,304925,176,17,10,1
hales-corners,202209,291825,180,28,9,1
hales-corners,202210,267450,183,21,8,1
hales-corners,202211,299963,154,37,7,1
hales-corners,202212,299900,148,37,5,1
hales-corners,202301,281175,145,28,3,1
hales-corners,202302,267500,157,23,4,1
hales-corners,202303,263700,138,26,3,1
hales-corners,202304,249900,180,17,8,1
hales-corners,202305,324975,204,24,4,1
hales-corners,202306,322400,223,16,3,1
hales-corners,202307,337950,209,19,7,1
hales-corners,202308,344871,199,21,8,1
hales-corners,202309,384900,225,22,6,1
hales-corners,202310,326950,208,20,7,1
hales-corners,202311,364900,204,32,5,1
hales-corners,202312,362450,221,28,5,1
hales-corners,202401,397450,186,60,3,1
hales-corners,202402,349900,202,102,1,1
hales-corners,202403,410000,202,15,7,1
hales-corners,202404,384975,218,25,10,1
hales-corners,202405,326150,196,21,8,1
hales-corners,202406,370000,183,26,8,1
hales-corners,202407,369950,204,18,10,1
hales-corners,202408,384450,209,32,11,1
hales-corners,202409,369450,207,28,11,1
hales-corners,202410,359750,214,25,12,1
hales-corners,202411,399000,211,26,9,1
hales-corners,202412,377200,222,27,9,1
hales-corners,202501,379900,225,51,7,1
hales-corners,202502,424950,223,32,7,1
hales-corners,202503,399900,224,26,7,1
hales-corners,202504,387400,223,21,9,1
hales-corners,202505,364950,222,28,8,1
hales-corners,202506,367100,212,23,10,1
hales-corners,202507,349950,207,26,6,1
hales-corners,202508,424900,216,29,6,1
hales-corners,202509,489900,220,25,4,1
hales-corners,202510,466125,231,18,7,1
hales-corners,202511,459900,215,17,9,1
hales-corners,202512,426225,211,41,7,1
hales-corners,202601,415000,209,66,7,1
hales-corners,202602,459450,226,19,8,1
hales-corners,202603,469900,223,26,6,1
hales-corners,202604,469900,222,28,5,1
hales-corners,202605,570000,231,24,4,1
hales-corners,202606,449900,233,17,9,1
cudahy,201607,129900,98,54,83,1
cudahy,201608,129950,96,47,80,1
cudahy,201609,137550,97,51,81,1
cudahy,201610,136450,97,56,77,1
cudahy,201611,134775,98,58,77,1
cudahy,201612,133000,97,63,66,1
cudahy,201701,131350,98,67,58,1
cudahy,201702,133475,96,59,51,1
cudahy,201703,137400,96,47,52,1
cudahy,201704,137400,100,30,66,1
cudahy,201705,138075,100,31,78,1
cudahy,201706,140200,101,36,74,1
cudahy,201707,139900,97,44,75,1
cudahy,201708,139900,97,40,78,1
cudahy,201709,139900,99,55,73,1
cudahy,201710,148725,101,55,65,1
cudahy,201711,134900,100,49,52,1
cudahy,201712,139900,102,55,53,1
cudahy,201801,137750,101,72,42,1
cudahy,201802,139900,104,58,47,1
cudahy,201803,139900,104,40,46,1
cudahy,201804,144975,109,35,38,1
cudahy,201805,144900,110,33,42,1
cudahy,201806,149900,112,31,47,1
cudahy,201807,152450,106,34,46,1
cudahy,201808,158675,106,32,39,1
cudahy,201809,157500,109,29,39,1
cudahy,201810,157125,108,33,47,1
cudahy,201811,149725,103,45,40,1
cudahy,201812,134900,104,45,36,1
cudahy,201901,133650,108,39,33,1
cudahy,201902,129900,104,44,32,1
cudahy,201903,138529,107,35,35,1
cudahy,201904,148479,111,30,39,1
cudahy,201905,163225,112,27,35,1
cudahy,201906,174450,117,23,39,1
cudahy,201907,177425,120,29,45,1
cudahy,201908,177173,123,25,51,1
cudahy,201909,173082,123,32,49,1
cudahy,201910,170355,122,37,46,1
cudahy,201911,164900,117,38,40,1
cudahy,201912,164700,118,36,33,1
cudahy,202001,153450,116,41,31,1
cudahy,202002,152450,113,34,33,1
cudahy,202003,169900,126,37,33,1
cudahy,202004,179900,125,33,31,1
cudahy,202005,176150,126,29,37,1
cudahy,202006,174925,127,31,34,1
cudahy,202007,176300,127,24,42,1
cudahy,202008,177700,134,31,39,1
cudahy,202009,182200,135,29,48,1
cudahy,202010,178000,133,31,42,1
cudahy,202011,181100,133,29,49,1
cudahy,202012,169900,133,38,37,1
cudahy,202101,170900,133,42,30,1
cudahy,202102,179900,128,36,29,1
cudahy,202103,195000,136,34,28,1
cudahy,202104,198750,147,26,32,1
cudahy,202105,214900,151,22,38,1
cudahy,202106,218650,165,30,35,1
cudahy,202107,222400,170,23,38,1
cudahy,202108,209900,150,28,45,1
cudahy,202109,212725,152,31,41,1
cudahy,202110,209900,162,29,44,1
cudahy,202111,212400,163,36,35,1
cudahy,202112,224925,160,44,28,1
cudahy,202201,198000,145,35,23,1
cudahy,202202,195250,155,37,18,1
cudahy,202203,223675,156,23,18,1
cudahy,202204,224900,153,23,22,1
cudahy,202205,225975,154,18,25,1
cudahy,202206,249950,163,24,33,1
cudahy,202207,249950,161,24,30,1
cudahy,202208,245925,160,31,29,1
cudahy,202209,224975,161,33,26,1
cudahy,202210,222400,157,23,25,1
cudahy,202211,216950,148,29,27,1
cudahy,202212,222400,146,42,16,1
cudahy,202301,233225,151,56,10,1
cudahy,202302,239900,156,53,7,1
cudahy,202303,238675,153,13,8,1
cudahy,202304,232450,155,19,13,1
cudahy,202305,249000,164,18,17,1
cudahy,202306,241175,172,22,15,1
cudahy,202307,242500,172,16,29,1
cudahy,202308,238900,173,21,31,1
cudahy,202309,239900,171,29,25,1
cudahy,202310,251925,166,23,22,1
cudahy,202311,247875,167,29,22,1
cudahy,202312,239900,176,29,21,1
cudahy,202401,268675,175,46,13,1
cudahy,202402,242400,159,27,14,1
cudahy,202403,260000,170,19,13,1
cudahy,202404,266175,169,20,14,1
cudahy,202405,259750,192,19,22,1
cudahy,202406,249900,188,23,18,1
cudahy,202407,246350,189,20,18,1
cudahy,202408,245000,192,22,18,1
cudahy,202409,265550,186,19,23,1
cudahy,202410,254500,176,23,29,1
cudahy,202411,262900,180,30,31,1
cudahy,202412,274925,178,34,24,1
cudahy,202501,262425,168,40,19,1
cudahy,202502,262450,181,34,19,1
cudahy,202503,269900,177,36,11,1
cudahy,202504,281250,208,17,10,1
cudahy,202505,295000,194,17,15,1
cudahy,202506,269950,185,20,17,1
cudahy,202507,294650,189,24,19,1
cudahy,202508,289000,189,24,19,1
cudahy,202509,289700,197,23,24,1
cudahy,202510,299000,198,26,24,1
cudahy,202511,282000,189,28,25,1
cudahy,202512,279000,193,39,21,1
cudahy,202601,279900,192,59,15,1
cudahy,202602,299900,216,30,19,1
cudahy,202603,308725,224,25,18,1
cudahy,202604,299925,218,28,22,1
cudahy,202605,284900,230,27,24,1
cudahy,202606,287975,215,26,25,1
south-milwaukee,201607,129900,102,47,76,1
south-milwaukee,201608,139900,103,54,76,1
south-milwaukee,201609,139900,108,43,87,1
south-milwaukee,201610,139900,105,51,86,1
south-milwaukee,201611,141711,105,61,76,1
south-milwaukee,201612,148250,109,71,61,1
south-milwaukee,201701,161150,109,74,50,1
south-milwaukee,201702,162175,110,63,56,1
south-milwaukee,201703,159900,111,48,58,1
south-milwaukee,201704,159900,114,35,66,1
south-milwaukee,201705,160550,111,38,72,1
south-milwaukee,201706,159675,110,39,62,1
south-milwaukee,201707,157500,111,46,65,1
south-milwaukee,201708,156675,114,42,61,1
south-milwaukee,201709,156000,117,43,58,1
south-milwaukee,201710,157450,113,36,47,1
south-milwaukee,201711,159400,111,36,51,1
south-milwaukee,201712,164900,113,54,46,1
south-milwaukee,201801,157000,110,60,47,1
south-milwaukee,201802,159425,110,49,51,1
south-milwaukee,201803,164900,112,48,39,1
south-milwaukee,201804,175975,118,25,41,1
south-milwaukee,201805,173900,118,30,43,1
south-milwaukee,201806,174500,118,31,46,1
south-milwaukee,201807,174800,122,34,47,1
south-milwaukee,201808,179900,122,37,57,1
south-milwaukee,201809,175000,121,37,61,1
south-milwaukee,201810,170750,120,41,59,1
south-milwaukee,201811,168500,120,40,57,1
south-milwaukee,201812,164900,119,47,43,1
south-milwaukee,201901,156150,118,55,38,1
south-milwaukee,201902,153675,125,48,28,1
south-milwaukee,201903,166614,127,39,34,1
south-milwaukee,201904,186114,127,31,39,1
south-milwaukee,201905,184900,128,39,40,1
south-milwaukee,201906,184900,128,26,46,1
south-milwaukee,201907,184900,133,34,45,1
south-milwaukee,201908,189900,132,37,45,1
south-milwaukee,201909,189900,128,39,44,1
south-milwaukee,201910,189900,124,42,44,1
south-milwaukee,201911,192450,121,54,42,1
south-milwaukee,201912,209450,115,38,31,1
south-milwaukee,202001,207000,118,46,29,1
south-milwaukee,202002,189900,130,27,38,1
south-milwaukee,202003,199225,125,36,37,1
south-milwaukee,202004,198500,126,43,27,1
south-milwaukee,202005,200000,129,22,24,1
south-milwaukee,202006,193675,126,27,32,1
south-milwaukee,202007,197198,132,25,39,1
south-milwaukee,202008,199900,137,29,44,1
south-milwaukee,202009,199925,134,31,50,1
south-milwaukee,202010,199000,128,32,48,1
south-milwaukee,202011,192750,131,35,38,1
south-milwaukee,202012,194900,142,34,33,1
south-milwaukee,202101,194900,132,45,27,1
south-milwaukee,202102,195000,136,38,24,1
south-milwaukee,202103,209950,145,27,19,1
south-milwaukee,202104,209900,145,19,26,1
south-milwaukee,202105,229900,142,21,40,1
south-milwaukee,202106,238750,147,26,38,1
south-milwaukee,202107,249900,149,21,41,1
south-milwaukee,202108,227425,142,25,49,1
south-milwaukee,202109,220700,146,27,51,1
south-milwaukee,202110,209900,152,30,50,1
south-milwaukee,202111,201225,152,33,49,1
south-milwaukee,202112,203650,152,43,44,1
south-milwaukee,202201,205000,157,43,27,1
south-milwaukee,202202,225000,162,34,22,1
south-milwaukee,202203,199900,153,22,15,1
south-milwaukee,202204,257450,152,22,16,1
south-milwaukee,202205,248650,164,18,19,1
south-milwaukee,202206,239900,165,23,22,1
south-milwaukee,202207,239900,170,22,28,1
south-milwaukee,202208,239900,166,24,36,1
south-milwaukee,202209,231975,171,34,30,1
south-milwaukee,202210,230000,160,24,30,1
south-milwaukee,202211,217375,155,32,25,1
south-milwaukee,202212,208000,150,49,16,1
south-milwaukee,202301,229900,143,48,13,1
south-milwaukee,202302,242000,163,26,16,1
south-milwaukee,202303,252400,165,26,12,1
south-milwaukee,202304,249900,164,28,13,1
south-milwaukee,202305,264900,175,12,26,1
south-milwaukee,202306,260000,188,21,26,1
south-milwaukee,202307,256950,183,24,18,1
south-milwaukee,202308,296225,165,22,15,1
south-milwaukee,202309,266950,166,19,24,1
south-milwaukee,202310,263675,173,27,31,1
south-milwaukee,202311,257175,174,32,28,1
south-milwaukee,202312,277250,142,41,10,1
south-milwaukee,202401,367450,190,17,19,1
south-milwaukee,202402,314900,185,34,18,1
south-milwaukee,202403,254900,189,24,19,1
south-milwaukee,202404,259925,188,27,18,1
south-milwaukee,202405,272475,178,20,20,1
south-milwaukee,202406,272450,172,30,21,1
south-milwaukee,202407,274900,172,27,16,1
south-milwaukee,202408,260000,179,21,20,1
south-milwaukee,202409,302450,186,27,17,1
south-milwaukee,202410,304975,191,25,14,1
south-milwaukee,202411,307450,206,26,19,1
south-milwaukee,202412,312000,212,36,18,1
south-milwaukee,202501,313475,227,43,12,1
south-milwaukee,202502,277400,205,26,11,1
south-milwaukee,202503,279950,183,22,10,1
south-milwaukee,202504,294950,189,16,12,1
south-milwaukee,202505,294900,185,14,20,1
south-milwaukee,202506,292400,197,19,31,1
south-milwaukee,202507,277450,203,23,26,1
south-milwaukee,202508,307450,189,25,22,1
south-milwaukee,202509,274500,199,22,17,1
south-milwaukee,202510,268650,210,30,16,1
south-milwaukee,202511,277450,199,25,16,1
south-milwaukee,202512,297400,202,32,15,1
south-milwaukee,202601,269900,196,46,11,1
south-milwaukee,202602,274450,179,33,10,1
south-milwaukee,202603,319975,194,20,15,1
south-milwaukee,202604,299900,199,29,15,1
south-milwaukee,202605,302450,221,22,18,1
south-milwaukee,202606,301150,221,23,29,1
waukesha,201607,242450,131,47,462,3
waukesha,201608,245950,132,52,447,3
waukesha,201609,244675,133,57,430,3
waukesha,201610,259900,134,60,415,3
waukesha,201611,268750,133,59,376,3
waukesha,201612,276250,136,71,301,3
waukesha,201701,327450,137,82,262,3
waukesha,201702,314950,139,77,275,3
waukesha,201703,306500,140,39,295,3
waukesha,201704,289900,141,36,327,3
waukesha,201705,272450,139,30,374,3
waukesha,201706,269975,140,33,398,3
waukesha,201707,276950,137,39,371,3
waukesha,201708,277400,138,41,362,3
waukesha,201709,272400,138,44,358,3
waukesha,201710,253425,136,49,346,3
waukesha,201711,256375,135,52,307,3
waukesha,201712,246950,134,65,256,3
waukesha,201801,260650,136,73,206,3
waukesha,201802,259675,135,63,183,3
waukesha,201803,285400,139,29,199,3
waukesha,201804,250000,136,24,249,3
waukesha,201805,261175,141,28,302,3
waukesha,201806,269000,141,30,314,3
waukesha,201807,269450,143,35,323,3
waukesha,201808,264950,141,30,333,3
waukesha,201809,252450,144,38,323,3
waukesha,201810,249925,141,42,302,3
waukesha,201811,271150,150,46,281,3
waukesha,201812,307400,150,62,240,3
waukesha,201901,322400,153,62,206,3
waukesha,201902,328725,148,48,206,3
waukesha,201903,325100,151,39,233,3
waukesha,201904,339300,155,37,265,3
waukesha,201905,313100,154,38,285,3
waukesha,201906,282500,149,35,298,3
waukesha,201907,297975,150,31,308,3
waukesha,201908,296518,147,34,312,3
waukesha,201909,292795,148,37,316,3
waukesha,201910,284400,149,40,314,3
waukesha,201911,275000,144,43,254,3
waukesha,201912,291825,150,51,216,3
waukesha,202001,315550,153,54,201,3
waukesha,202002,324900,153,50,192,3
waukesha,202003,299999,163,30,220,3
waukesha,202004,302450,159,34,217,3
waukesha,202005,329000,155,33,200,3
waukesha,202006,323675,155,26,238,3
waukesha,202007,303975,154,31,260,3
waukesha,202008,302450,154,30,265,3
waukesha,202009,299925,156,29,263,3
waukesha,202010,307400,158,32,262,3
waukesha,202011,308650,156,37,237,3
waukesha,202012,307425,157,46,171,3
waukesha,202101,325000,153,54,121,3
waukesha,202102,319750,152,29,119,3
waukesha,202103,264975,161,26,149,3
waukesha,202104,272425,163,25,173,3
waukesha,202105,324900,159,23,187,3
waukesha,202106,309925,162,22,207,3
waukesha,202107,314950,169,23,237,3
waukesha,202108,333650,171,30,241,3
waukesha,202109,349900,172,34,220,3
waukesha,202110,344450,170,33,211,3
waukesha,202111,359900,172,38,201,3
waukesha,202112,399675,180,38,144,3
waukesha,202201,437000,206,39,103,3
waukesha,202202,402200,200,32,112,3
waukesha,202203,377450,196,24,123,3
waukesha,202204,364900,187,27,143,3
waukesha,202205,349900,185,22,192,3
waukesha,202206,370950,176,28,224,3
waukesha,202207,391950,185,23,248,3
waukesha,202208,409950,186,32,250,3
waukesha,202209,438725,187,38,208,3
waukesha,202210,454900,198,41,184,3
waukesha,202211,462450,191,43,174,3
waukesha,202212,482450,206,47,136,3
waukesha,202301,520640,233,66,112,3
waukesha,202302,475000,229,42,120,3
waukesha,202303,495750,232,39,121,3
waukesha,202304,496200,215,33,142,3
waukesha,202305,449950,205,29,152,3
waukesha,202306,462425,211,31,158,3
waukesha,202307,469900,203,30,177,3
waukesha,202308,482450,199,28,175,3
waukesha,202309,499900,209,32,166,3
waukesha,202310,492450,210,28,188,3
waukesha,202311,457975,209,30,196,3
waukesha,202312,460000,216,44,162,3
waukesha,202401,549298,241,47,139,3
waukesha,202402,515000,238,40,121,3
waukesha,202403,500000,219,36,135,3
waukesha,202404,473725,222,34,157,3
waukesha,202405,499950,225,26,175,3
waukesha,202406,499900,220,34,198,3
waukesha,202407,494675,216,35,192,3
waukesha,202408,475000,215,29,201,3
waukesha,202409,473538,219,30,206,3
waukesha,202410,457225,215,34,214,3
waukesha,202411,434950,214,43,198,3
waukesha,202412,399900,219,47,149,3
waukesha,202501,424900,226,47,126,3
waukesha,202502,422725,226,37,135,3
waukesha,202503,450000,228,33,128,3
waukesha,202504,430000,233,32,137,3
waukesha,202505,399900,220,22,181,3
waukesha,202506,432500,226,25,185,3
waukesha,202507,444900,226,29,186,3
waukesha,202508,429900,227,28,188,3
waukesha,202509,379900,229,30,188,3
waukesha,202510,414900,221,32,190,3
waukesha,202511,433900,227,38,180,3
waukesha,202512,419950,228,48,137,3
waukesha,202601,512450,240,54,119,3
waukesha,202602,464900,227,39,129,3
waukesha,202603,439900,251,32,157,3
waukesha,202604,499974,239,32,173,3
waukesha,202605,499950,242,30,184,3
waukesha,202606,516150,250,31,196,3
brookfield,201607,449900,145,50,245,2
brookfield,201608,449425,144,59,258,2
brookfield,201609,459900,149,64,258,2
brookfield,201610,432450,148,72,242,2
brookfield,201611,462175,149,75,217,2
brookfield,201612,464450,150,83,171,2
brookfield,201701,474950,146,97,153,2
brookfield,201702,425850,149,62,172,2
brookfield,201703,400000,150,44,198,2
brookfield,201704,399900,148,42,213,2
brookfield,201705,415550,142,46,214,2
brookfield,201706,426225,146,40,234,2
brookfield,201707,439450,149,44,222,2
brookfield,201708,419700,150,52,213,2
brookfield,201709,399900,151,54,204,2
brookfield,201710,409950,148,60,185,2
brookfield,201711,412400,150,73,147,2
brookfield,201712,412500,151,93,121,2
brookfield,201801,409750,153,89,108,2
brookfield,201802,434825,148,56,115,2
brookfield,201803,440000,147,35,142,2
brookfield,201804,440000,150,39,141,2
brookfield,201805,427175,150,35,152,2
brookfield,201806,444450,152,39,188,2
brookfield,201807,424950,152,44,189,2
brookfield,201808,439900,150,47,188,2
brookfield,201809,447450,152,45,166,2
brookfield,201810,463475,153,54,157,2
brookfield,201811,424925,153,47,162,2
brookfield,201812,424950,155,62,122,2
brookfield,201901,465500,155,76,107,2
brookfield,201902,507175,153,43,118,2
brookfield,201903,512779,152,44,137,2
brookfield,201904,547454,153,48,156,2
brookfield,201905,514725,152,41,197,2
brookfield,201906,415000,153,37,214,2
brookfield,201907,459450,152,42,208,2
brookfield,201908,473745,153,45,201,2
brookfield,201909,480864,155,50,184,2
brookfield,201910,482359,158,54,173,2
brookfield,201911,464450,163,43,152,2
brookfield,201912,475375,163,56,118,2
brookfield,202001,473350,164,75,107,2
brookfield,202002,458950,161,39,123,2
brookfield,202003,410975,160,30,136,2
brookfield,202004,399850,158,38,128,2
brookfield,202005,425000,157,44,142,2
brookfield,202006,443675,160,30,165,2
brookfield,202007,429900,161,35,169,2
brookfield,202008,450000,161,34,173,2
brookfield,202009,475725,163,40,147,2
brookfield,202010,499900,168,36,138,2
brookfield,202011,469900,165,39,121,2
brookfield,202012,459974,162,54,100,2
brookfield,202101,454950,160,73,65,2
brookfield,202102,459500,173,30,75,2
brookfield,202103,489675,175,24,95,2
brookfield,202104,462474,178,32,103,2
brookfield,202105,462500,175,23,116,2
brookfield,202106,448700,175,28,127,2
brookfield,202107,447450,178,24,141,2
brookfield,202108,423725,175,29,152,2
brookfield,202109,399675,179,31,145,2
brookfield,202110,374950,170,36,132,2
brookfield,202111,381200,189,36,101,2
brookfield,202112,409950,192,52,61,2
brookfield,202201,427000,191,50,43,2
brookfield,202202,399900,181,21,58,2
brookfield,202203,442450,181,21,70,2
brookfield,202204,469900,184,25,83,2
brookfield,202205,499900,199,24,113,2
brookfield,202206,399975,198,22,129,2
brookfield,202207,527400,193,29,137,2
brookfield,202208,497400,183,29,145,2
brookfield,202209,389000,206,36,107,2
brookfield,202210,494900,192,28,101,2
brookfield,202211,447150,200,36,82,2
brookfield,202212,449900,200,41,54,2
brookfield,202301,426300,211,42,41,2
brookfield,202302,382450,210,29,46,2
brookfield,202303,407450,198,22,56,2
brookfield,202304,519900,203,30,49,2
brookfield,202305,514975,199,21,62,2
brookfield,202306,492450,202,28,71,2
brookfield,202307,485000,207,28,89,2
brookfield,202308,483700,204,32,83,2
brookfield,202309,474900,203,25,82,2
brookfield,202310,495925,199,30,71,2
brookfield,202311,499500,215,29,58,2
brookfield,202312,459300,217,40,44,2
brookfield,202401,419700,223,53,42,2
brookfield,202402,437000,229,47,38,2
brookfield,202403,520000,233,21,46,2
brookfield,202404,437463,214,16,63,2
brookfield,202405,537400,219,21,77,2
brookfield,202406,587400,212,24,89,2
brookfield,202407,569900,213,30,88,2
brookfield,202408,575000,210,23,95,2
brookfield,202409,532375,212,28,103,2
brookfield,202410,598150,218,30,104,2
brookfield,202411,599950,226,42,87,2
brookfield,202412,639900,244,64,68,2
brookfield,202501,707425,290,65,59,2
brookfield,202502,777400,288,56,60,2
brookfield,202503,699900,252,27,79,2
brookfield,202504,722400,237,37,81,2
brookfield,202505,645000,232,29,120,2
brookfield,202506,599000,235,35,130,2
brookfield,202507,577975,231,39,117,2
brookfield,202508,574900,233,37,101,2
brookfield,202509,559975,238,35,102,2
brookfield,202510,557450,238,29,112,2
brookfield,202511,577450,239,34,114,2
brookfield,202512,591225,243,44,84,2
brookfield,202601,595000,254,63,76,2
brookfield,202602,622400,254,43,82,2
brookfield,202603,629900,249,38,84,2
brookfield,202604,614975,244,30,94,2
brookfield,202605,584900,237,29,112,2
brookfield,202606,582200,240,33,118,2
new-berlin,201607,271950,139,39,146,2
new-berlin,201608,269900,139,34,146,2
new-berlin,201609,274600,139,40,149,2
new-berlin,201610,249900,136,48,128,2
new-berlin,201611,246225,133,56,123,2
new-berlin,201612,244900,133,64,95,2
new-berlin,201701,239925,132,56,84,2
new-berlin,201702,239050,135,36,89,2
new-berlin,201703,239900,138,35,104,2
new-berlin,201704,260000,138,30,102,2
new-berlin,201705,267975,139,33,103,2
new-berlin,201706,279900,146,24,122,2
new-berlin,201707,279900,141,30,131,2
new-berlin,201708,273650,144,36,141,2
new-berlin,201709,269900,142,41,123,2
new-berlin,201710,274900,148,37,114,2
new-berlin,201711,263650,145,46,100,2
new-berlin,201712,264900,145,59,71,2
new-berlin,201801,262500,145,70,63,2
new-berlin,201802,269900,147,52,67,2
new-berlin,201803,279450,143,29,72,2
new-berlin,201804,279450,143,24,98,2
new-berlin,201805,284125,145,27,116,2
new-berlin,201806,284900,144,29,118,2
new-berlin,201807,296225,147,34,117,2
new-berlin,201808,296725,149,27,132,2
new-berlin,201809,286450,149,36,135,2
new-berlin,201810,279000,151,41,113,2
new-berlin,201811,279900,151,47,99,2
new-berlin,201812,295400,148,51,82,2
new-berlin,201901,289900,148,58,71,2
new-berlin,201902,273650,155,42,66,2
new-berlin,201903,279900,154,33,75,2
new-berlin,201904,297400,155,31,93,2
new-berlin,201905,302400,155,25,115,2
new-berlin,201906,299900,157,31,126,2
new-berlin,201907,299950,156,30,116,2
new-berlin,201908,306505,155,30,107,2
new-berlin,201909,301411,158,31,108,2
new-berlin,201910,299241,161,32,105,2
new-berlin,201911,305000,161,42,98,2
new-berlin,201912,302425,155,56,67,2
new-berlin,202001,299900,158,62,57,2
new-berlin,202002,284900,155,39,66,2
new-berlin,202003,311250,160,23,87,2
new-berlin,202004,306875,160,34,82,2
new-berlin,202005,309900,166,29,79,2
new-berlin,202006,324900,159,30,103,2
new-berlin,202007,324900,161,31,96,2
new-berlin,202008,309900,161,29,82,2
new-berlin,202009,302250,157,29,96,2
new-berlin,202010,284900,165,28,100,2
new-berlin,202011,288475,173,38,76,2
new-berlin,202012,296625,171,36,53,2
new-berlin,202101,307000,163,43,40,2
new-berlin,202102,327900,160,28,42,2
new-berlin,202103,322425,172,21,52,2
new-berlin,202104,327400,174,21,71,2
new-berlin,202105,319900,171,23,75,2
new-berlin,202106,344675,174,23,75,2
new-berlin,202107,349900,177,22,97,2
new-berlin,202108,349675,178,28,108,2
new-berlin,202109,337450,177,30,99,2
new-berlin,202110,322400,169,30,85,2
new-berlin,202111,304900,172,29,82,2
new-berlin,202112,299900,177,39,40,2
new-berlin,202201,289900,163,32,27,2
new-berlin,202202,294950,176,16,35,2
new-berlin,202203,362450,182,17,44,2
new-berlin,202204,415000,187,22,49,2
new-berlin,202205,387450,185,22,57,2
new-berlin,202206,359900,189,22,69,2
new-berlin,202207,377000,184,23,73,2
new-berlin,202208,400950,188,28,71,2
new-berlin,202209,379900,191,25,67,2
new-berlin,202210,372450,185,29,72,2
new-berlin,202211,375000,181,40,67,2
new-berlin,202212,399400,190,47,40,2
new-berlin,202301,450925,190,58,28,2
new-berlin,202302,426150,182,24,35,2
new-berlin,202303,409950,189,20,36,2
new-berlin,202304,389900,191,23,48,2
new-berlin,202305,418225,196,22,53,2
new-berlin,202306,409900,202,24,50,2
new-berlin,202307,399900,206,23,51,2
new-berlin,202308,389950,204,23,54,2
new-berlin,202309,425000,194,24,51,2
new-berlin,202310,402425,193,21,59,2
new-berlin,202311,372375,188,32,54,2
new-berlin,202312,382450,193,37,39,2
new-berlin,202401,394700,202,38,26,2
new-berlin,202402,414950,208,22,26,2
new-berlin,202403,392400,194,22,26,2
new-berlin,202404,394900,218,20,39,2
new-berlin,202405,424925,205,22,44,2
new-berlin,202406,424900,215,16,62,2
new-berlin,202407,399675,214,26,54,2
new-berlin,202408,419000,200,22,53,2
new-berlin,202409,423250,211,23,69,2
new-berlin,202410,409950,227,27,68,2
new-berlin,202411,399900,224,32,41,2
new-berlin,202412,414900,217,35,26,2
new-berlin,202501,411775,212,29,22,2
new-berlin,202502,402425,227,16,29,2
new-berlin,202503,429950,230,20,32,2
new-berlin,202504,440000,225,16,42,2
new-berlin,202505,415000,223,23,51,2
new-berlin,202506,421225,225,23,57,2
new-berlin,202507,449950,227,25,55,2
new-berlin,202508,449900,229,24,59,2
new-berlin,202509,430000,223,26,69,2
new-berlin,202510,399900,222,24,72,2
new-berlin,202511,375000,221,30,58,2
new-berlin,202512,364950,224,40,41,2
new-berlin,202601,389000,223,47,26,2
new-berlin,202602,414900,218,22,31,2
new-berlin,202603,459975,220,25,38,2
new-berlin,202604,467450,226,31,43,2
new-berlin,202605,475000,225,23,58,2
new-berlin,202606,465000,222,27,63,2
menomonee-falls,201607,312450,148,49,232,1
menomonee-falls,201608,317400,152,49,219,1
menomonee-falls,201609,329300,153,54,204,1
menomonee-falls,201610,324900,153,54,199,1
menomonee-falls,201611,339900,153,54,186,1
menomonee-falls,201612,349900,154,67,176,1
menomonee-falls,201701,399225,157,85,160,1
menomonee-falls,201702,369400,156,88,171,1
menomonee-falls,201703,371800,159,55,189,1
menomonee-falls,201704,349900,154,46,196,1
menomonee-falls,201705,349925,155,48,193,1
menomonee-falls,201706,339900,156,44,196,1
menomonee-falls,201707,347400,157,44,184,1
menomonee-falls,201708,330400,157,38,195,1
menomonee-falls,201709,342400,159,43,200,1
menomonee-falls,201710,349900,164,52,188,1
menomonee-falls,201711,349900,164,51,166,1
menomonee-falls,201712,374900,167,65,137,1
menomonee-falls,201801,399850,173,82,124,1
menomonee-falls,201802,399825,168,61,139,1
menomonee-falls,201803,374900,169,40,159,1
menomonee-falls,201804,374850,165,40,167,1
menomonee-falls,201805,369900,172,40,176,1
menomonee-falls,201806,374900,170,42,175,1
menomonee-falls,201807,371150,163,37,185,1
menomonee-falls,201808,369900,162,40,197,1
menomonee-falls,201809,369900,163,48,203,1
menomonee-falls,201810,379900,163,46,194,1
menomonee-falls,201811,373725,163,53,178,1
menomonee-falls,201812,389900,167,72,152,1
menomonee-falls,201901,420175,173,92,140,1
menomonee-falls,201902,389900,174,79,146,1
menomonee-falls,201903,398086,173,57,143,1
menomonee-falls,201904,434450,184,48,150,1
menomonee-falls,201905,418900,177,42,170,1
menomonee-falls,201906,384900,160,42,166,1
menomonee-falls,201907,387450,159,36,175,1
menomonee-falls,201908,395355,164,37,173,1
menomonee-falls,201909,403536,165,38,171,1
menomonee-falls,201910,406541,166,41,172,1
menomonee-falls,201911,399900,171,52,161,1
menomonee-falls,201912,396900,183,68,129,1
menomonee-falls,202001,385450,183,65,125,1
menomonee-falls,202002,379900,180,57,130,1
menomonee-falls,202003,378650,171,35,136,1
menomonee-falls,202004,374900,170,34,138,1
menomonee-falls,202005,381450,167,43,149,1
menomonee-falls,202006,399900,171,37,156,1
menomonee-falls,202007,404575,171,42,146,1
menomonee-falls,202008,374900,170,33,134,1
menomonee-falls,202009,342450,168,31,158,1
menomonee-falls,202010,349900,172,41,143,1
menomonee-falls,202011,336850,173,45,112,1
menomonee-falls,202012,333600,173,45,85,1
menomonee-falls,202101,389900,182,60,66,1
menomonee-falls,202102,393650,185,31,71,1
menomonee-falls,202103,354975,175,29,88,1
menomonee-falls,202104,328475,181,28,96,1
menomonee-falls,202105,349000,181,29,104,1
menomonee-falls,202106,348475,177,22,105,1
menomonee-falls,202107,339900,173,28,112,1
menomonee-falls,202108,344225,178,29,121,1
menomonee-falls,202109,333700,183,30,125,1
menomonee-falls,202110,352400,183,30,122,1
menomonee-falls,202111,350925,182,42,97,1
menomonee-falls,202112,359900,189,42,75,1
menomonee-falls,202201,370000,198,55,51,1
menomonee-falls,202202,399299,208,29,46,1
menomonee-falls,202203,364950,180,23,56,1
menomonee-falls,202204,349950,185,23,65,1
menomonee-falls,202205,419900,197,24,84,1
menomonee-falls,202206,388725,194,27,83,1
menomonee-falls,202207,381950,191,23,92,1
menomonee-falls,202208,443500,186,30,99,1
menomonee-falls,202209,443450,202,43,73,1
menomonee-falls,202210,452450,204,29,87,1
menomonee-falls,202211,428675,208,37,81,1
menomonee-falls,202212,499900,227,34,59,1
menomonee-falls,202301,511175,236,45,57,1
menomonee-falls,202302,481000,228,32,63,1
menomonee-falls,202303,459900,226,33,59,1
menomonee-falls,202304,487900,218,26,58,1
menomonee-falls,202305,493450,209,27,69,1
menomonee-falls,202306,494225,214,29,82,1
menomonee-falls,202307,424900,223,29,90,1
menomonee-falls,202308,482700,223,29,87,1
menomonee-falls,202309,519900,218,37,76,1
menomonee-falls,202310,481000,215,29,97,1
menomonee-falls,202311,507000,221,39,75,1
menomonee-falls,202312,524999,237,58,56,1
menomonee-falls,202401,514900,254,58,45,1
menomonee-falls,202402,505000,250,40,51,1
menomonee-falls,202403,495500,234,30,69,1
menomonee-falls,202404,544650,241,30,74,1
menomonee-falls,202405,544900,246,29,91,1
menomonee-falls,202406,549900,241,30,100,1
menomonee-falls,202407,547400,239,31,110,1
menomonee-falls,202408,549900,242,36,110,1
menomonee-falls,202409,557425,246,38,107,1
menomonee-falls,202410,524950,247,37,117,1
menomonee-falls,202411,527450,250,46,109,1
menomonee-falls,202412,559182,252,70,89,1
menomonee-falls,202501,545203,255,48,73,1
menomonee-falls,202502,559422,250,36,80,1
menomonee-falls,202503,559900,251,40,88,1
menomonee-falls,202504,559900,255,31,95,1
menomonee-falls,202505,574900,247,33,115,1
menomonee-falls,202506,579900,246,33,120,1
menomonee-falls,202507,564950,244,30,119,1
menomonee-falls,202508,555000,244,32,123,1
menomonee-falls,202509,599850,244,39,98,1
menomonee-falls,202510,604850,247,39,104,1
menomonee-falls,202511,574900,241,43,102,1
menomonee-falls,202512,562000,244,54,88,1
menomonee-falls,202601,659450,261,54,77,1
menomonee-falls,202602,668650,281,45,83,1
menomonee-falls,202603,659900,274,38,96,1
menomonee-falls,202604,606200,255,36,101,1
menomonee-falls,202605,554900,244,36,119,1
menomonee-falls,202606,532800,244,31,127,1
pewaukee,201607,429900,164,64,233,1
pewaukee,201608,424900,161,63,230,1
pewaukee,201609,424900,161,66,224,1
pewaukee,201610,439945,159,81,204,1
pewaukee,201611,449900,163,87,175,1
pewaukee,201612,442495,163,94,144,1
pewaukee,201701,449225,168,103,128,1
pewaukee,201702,439945,167,77,133,1
pewaukee,201703,435900,165,58,141,1
pewaukee,201704,439945,161,48,160,1
pewaukee,201705,438740,156,50,192,1
pewaukee,201706,443900,154,47,196,1
pewaukee,201707,439800,155,51,199,1
pewaukee,201708,424900,156,54,185,1
pewaukee,201709,437350,161,64,175,1
pewaukee,201710,441218,161,65,157,1
pewaukee,201711,428925,160,69,134,1
pewaukee,201712,409500,168,72,124,1
pewaukee,201801,399825,174,60,112,1
pewaukee,201802,394450,161,64,122,1
pewaukee,201803,405000,160,47,128,1
pewaukee,201804,397400,166,40,132,1
pewaukee,201805,387450,167,38,138,1
pewaukee,201806,390000,166,39,158,1
pewaukee,201807,419075,161,48,156,1
pewaukee,201808,399900,161,49,158,1
pewaukee,201809,399900,161,53,146,1
pewaukee,201810,437450,164,55,128,1
pewaukee,201811,449900,167,57,108,1
pewaukee,201812,459900,167,59,105,1
pewaukee,201901,466450,169,62,98,1
pewaukee,201902,465700,166,57,110,1
pewaukee,201903,478514,167,43,114,1
pewaukee,201904,516475,169,45,122,1
pewaukee,201905,502350,161,40,142,1
pewaukee,201906,449900,159,42,152,1
pewaukee,201907,469450,162,43,144,1
pewaukee,201908,472382,166,45,138,1
pewaukee,201909,477455,167,49,130,1
pewaukee,201910,480836,168,49,125,1
pewaukee,201911,479900,175,51,113,1
pewaukee,201912,498900,173,61,88,1
pewaukee,202001,506400,172,75,73,1
pewaukee,202002,499900,169,35,89,1
pewaukee,202003,491950,172,42,103,1
pewaukee,202004,493625,172,46,124,1
pewaukee,202005,524900,180,50,120,1
pewaukee,202006,520150,176,40,130,1
pewaukee,202007,533675,176,43,124,1
pewaukee,202008,539900,177,46,110,1
pewaukee,202009,524925,180,40,102,1
pewaukee,202010,513950,174,39,88,1
pewaukee,202011,499900,183,44,71,1
pewaukee,202012,472400,187,50,51,1
pewaukee,202101,467400,187,60,42,1
pewaukee,202102,504950,170,34,52,1
pewaukee,202103,474450,174,34,57,1
pewaukee,202104,425000,185,26,73,1
pewaukee,202105,432900,187,26,85,1
pewaukee,202106,451950,185,29,89,1
pewaukee,202107,467400,188,29,90,1
pewaukee,202108,406250,183,29,99,1
pewaukee,202109,400000,180,31,106,1
pewaukee,202110,409000,180,38,86,1
pewaukee,202111,427450,186,38,64,1
pewaukee,202112,449900,186,57,47,1
pewaukee,202201,449900,185,57,35,1
pewaukee,202202,391175,195,30,40,1
pewaukee,202203,559473,219,27,49,1
pewaukee,202204,574900,231,30,51,1
pewaukee,202205,573700,205,23,80,1
pewaukee,202206,564450,199,29,93,1
pewaukee,202207,549900,200,29,87,1
pewaukee,202208,529900,201,34,78,1
pewaukee,202209,519900,206,39,62,1
pewaukee,202210,509900,208,30,57,1
pewaukee,202211,445000,219,31,52,1
pewaukee,202212,453500,224,42,50,1
pewaukee,202301,589900,250,54,44,1
pewaukee,202302,652425,253,38,39,1
pewaukee,202303,624900,252,38,44,1
pewaukee,202304,599900,232,29,57,1
pewaukee,202305,599900,240,30,70,1
pewaukee,202306,618675,240,27,71,1
pewaukee,202307,622450,243,30,78,1
pewaukee,202308,591400,234,32,77,1
pewaukee,202309,587900,230,36,79,1
pewaukee,202310,586925,223,37,71,1
pewaukee,202311,608320,235,44,66,1
pewaukee,202312,610695,238,47,54,1
pewaukee,202401,679000,266,53,44,1
pewaukee,202402,679000,267,39,42,1
pewaukee,202403,668900,270,36,50,1
pewaukee,202404,635400,256,35,60,1
pewaukee,202405,647925,245,36,70,1
pewaukee,202406,599900,249,29,87,1
pewaukee,202407,632870,246,41,78,1
pewaukee,202408,604790,241,34,86,1
pewaukee,202409,591188,244,33,98,1
pewaukee,202410,573945,242,30,111,1
pewaukee,202411,579995,257,39,99,1
pewaukee,202412,585195,270,51,84,1
pewaukee,202501,578120,269,59,69,1
pewaukee,202502,571240,267,55,62,1
pewaukee,202503,613490,257,30,60,1
pewaukee,202504,599945,259,34,74,1
pewaukee,202505,610450,255,29,88,1
pewaukee,202506,600000,255,36,94,1
pewaukee,202507,599225,251,38,84,1
pewaukee,202508,646900,249,30,94,1
pewaukee,202509,630425,256,35,99,1
pewaukee,202510,589950,254,40,99,1
pewaukee,202511,580000,259,50,84,1
pewaukee,202512,637400,272,47,68,1
pewaukee,202601,670900,270,50,55,1
pewaukee,202602,624968,255,43,67,1
pewaukee,202603,629990,252,33,72,1
pewaukee,202604,674925,255,37,82,1
pewaukee,202605,703900,267,45,83,1
pewaukee,202606,677492,257,35,90,1
muskego,201607,349900,144,41,100,1
muskego,201608,354900,144,45,94,1
muskego,201609,339900,143,45,90,1
muskego,201610,332400,143,46,97,1
muskego,201611,317000,140,55,85,1
muskego,201612,329900,140,81,53,1
muskego,201701,332740,139,100,45,1
muskego,201702,329900,141,36,57,1
muskego,201703,393500,147,37,62,1
muskego,201704,377000,146,31,65,1
muskego,201705,371150,154,33,66,1
muskego,201706,378200,164,31,65,1
muskego,201707,374900,165,31,66,1
muskego,201708,329700,158,29,82,1
muskego,201709,345950,157,39,83,1
muskego,201710,367400,158,52,78,1
muskego,201711,370600,160,52,72,1
muskego,201712,394450,160,84,57,1
muskego,201801,399950,158,106,47,1
muskego,201802,389900,165,66,51,1
muskego,201803,379900,166,40,50,1
muskego,201804,430925,169,32,53,1
muskego,201805,434975,165,32,68,1
muskego,201806,429900,164,36,73,1
muskego,201807,421200,167,39,75,1
muskego,201808,387450,163,34,79,1
muskego,201809,364900,166,40,68,1
muskego,201810,385750,161,42,58,1
muskego,201811,415000,167,40,59,1
muskego,201812,439999,170,46,57,1
muskego,201901,439999,175,51,54,1
muskego,201902,439999,171,55,53,1
muskego,201903,445335,173,47,59,1
muskego,201904,477425,187,38,74,1
muskego,201905,469950,191,39,87,1
muskego,201906,429999,181,38,83,1
muskego,201907,423700,179,35,91,1
muskego,201908,419972,173,41,98,1
muskego,201909,408682,167,48,95,1
muskego,201910,401155,162,51,91,1
muskego,201911,424450,167,51,78,1
muskego,201912,399000,172,54,60,1
muskego,202001,399950,169,64,53,1
muskego,202002,439500,168,51,48,1
muskego,202003,434823,158,33,50,1
muskego,202004,433223,163,32,57,1
muskego,202005,432495,168,35,63,1
muskego,202006,416250,173,39,61,1
muskego,202007,422450,173,38,58,1
muskego,202008,404450,168,30,60,1
muskego,202009,393675,172,30,65,1
muskego,202010,354450,166,35,62,1
muskego,202011,365700,169,43,40,1
muskego,202012,352175,172,48,30,1
muskego,202101,339900,186,40,23,1
muskego,202102,372950,184,24,24,1
muskego,202103,349250,185,26,23,1
muskego,202104,347088,183,17,32,1
muskego,202105,397500,183,23,40,1
muskego,202106,444900,197,26,44,1
muskego,202107,469900,190,22,61,1
muskego,202108,448700,184,38,62,1
muskego,202109,392400,191,30,60,1
muskego,202110,369900,179,34,50,1
muskego,202111,372400,181,41,37,1
muskego,202112,368675,191,63,20,1
muskego,202201,399900,203,57,15,1
muskego,202202,442975,210,28,18,1
muskego,202203,492499,189,22,25,1
muskego,202204,465000,197,23,30,1
muskego,202205,440975,211,22,35,1
muskego,202206,473500,224,29,36,1
muskego,202207,449950,213,25,34,1
muskego,202208,524900,212,22,47,1
muskego,202209,549339,239,32,44,1
muskego,202210,496390,220,24,58,1
muskego,202211,516872,219,38,62,1
muskego,202212,543749,255,69,41,1
muskego,202301,554020,258,98,35,1
muskego,202302,548700,260,128,32,1
muskego,202303,538700,255,77,30,1
muskego,202304,549900,244,39,33,1
muskego,202305,554300,232,25,54,1
muskego,202306,556900,237,32,64,1
muskego,202307,556900,247,36,65,1
muskego,202308,559752,249,43,48,1
muskego,202309,554900,251,29,43,1
muskego,202310,549900,241,29,44,1
muskego,202311,549900,234,40,39,1
muskego,202312,549900,234,50,29,1
muskego,202401,587485,261,58,24,1
muskego,202402,589969,290,53,24,1
muskego,202403,576949,264,43,29,1
muskego,202404,589925,261,23,40,1
muskego,202405,617425,257,30,43,1
muskego,202406,614950,245,34,44,1
muskego,202407,599974,237,34,51,1
muskego,202408,534900,237,37,51,1
muskego,202409,467475,235,28,49,1
muskego,202410,484700,236,32,53,1
muskego,202411,619450,243,38,49,1
muskego,202412,631150,251,49,34,1
muskego,202501,639676,261,51,31,1
muskego,202502,660132,265,69,27,1
muskego,202503,684769,264,44,29,1
muskego,202504,623063,249,23,43,1
muskego,202505,598900,241,30,44,1
muskego,202506,612000,246,29,31,1
muskego,202507,639999,249,26,28,1
muskego,202508,624900,236,24,34,1
muskego,202509,649900,248,27,33,1
muskego,202510,534300,250,31,29,1
muskego,202511,454900,237,29,24,1
muskego,202512,450475,244,45,20,1
muskego,202601,562450,235,58,17,1
muskego,202602,562450,235,26,22,1
muskego,202603,499900,240,24,27,1
muskego,202604,525500,232,28,27,1
muskego,202605,535900,254,25,42,1
muskego,202606,651250,255,29,44,1
delafield,201607,524900,164,66,72,1
delafield,201608,506200,167,78,77,1
delafield,201609,499000,161,86,66,1
delafield,201610,468500,157,88,60,1
delafield,201611,449900,151,92,56,1
delafield,201612,468500,151,104,46,1
delafield,201701,458500,150,124,38,1
delafield,201702,469900,153,125,37,1
delafield,201703,500000,157,55,45,1
delafield,201704,489900,160,40,51,1
delafield,201705,530925,157,47,53,1
delafield,201706,514400,155,44,55,1
delafield,201707,539900,157,49,50,1
delafield,201708,482400,155,62,44,1
delafield,201709,522450,159,55,42,1
delafield,201710,523725,155,56,37,1
delafield,201711,537450,160,79,33,1
delafield,201712,652450,162,87,25,1
delafield,201801,685975,150,96,23,1
delafield,201802,653675,150,70,32,1
delafield,201803,549900,148,40,34,1
delafield,201804,506825,150,41,41,1
delafield,201805,489800,153,41,45,1
delafield,201806,539900,153,41,48,1
delafield,201807,517400,153,48,43,1
delafield,201808,544900,155,59,44,1
delafield,201809,529900,156,54,51,1
delafield,201810,499900,156,54,50,1
delafield,201811,462400,154,52,49,1
delafield,201812,449900,150,70,41,1
delafield,201901,484925,150,98,36,1
delafield,201902,452475,150,119,31,1
delafield,201903,479243,156,84,27,1
delafield,201904,563450,160,44,28,1
delafield,201905,513200,162,39,31,1
delafield,201906,489900,164,36,37,1
delafield,201907,507200,166,40,38,1
delafield,201908,509132,160,49,40,1
delafield,201909,489905,157,55,41,1
delafield,201910,474950,156,58,42,1
delafield,201911,475000,164,60,37,1
delafield,201912,499900,161,61,37,1
delafield,202001,550000,160,69,32,1
delafield,202002,559950,172,85,33,1
delafield,202003,561225,174,62,33,1
delafield,202004,554900,184,53,30,1
delafield,202005,567500,180,65,26,1
delafield,202006,578225,175,52,30,1
delafield,202007,569950,186,62,30,1
delafield,202008,585000,200,37,28,1
delafield,202009,621225,213,32,29,1
delafield,202010,687350,211,49,22,1
delafield,202011,622250,216,77,23,1
delafield,202012,549500,202,79,23,1
delafield,202101,562500,216,47,17,1
delafield,202102,625000,222,47,15,1
delafield,202103,616000,203,71,16,1
delafield,202104,587450,219,44,19,1
delafield,202105,652000,217,36,26,1
delafield,202106,661225,214,37,27,1
delafield,202107,594900,197,42,29,1
delafield,202108,591175,198,40,27,1
delafield,202109,549900,207,29,24,1
delafield,202110,549900,201,43,22,1
delafield,202111,526175,191,60,19,1
delafield,202112,610000,231,91,14,1
delafield,202201,695000,231,64,8,1
delafield,202202,720000,293,54,8,1
delafield,202203,796250,316,25,7,1
delafield,202204,569900,200,19,13,1
delafield,202205,486175,203,26,19,1
delafield,202206,596000,216,30,18,1
delafield,202207,607000,194,36,18,1
delafield,202208,615975,214,41,18,1
delafield,202209,632000,193,38,14,1
delafield,202210,612450,197,35,13,1
delafield,202211,654900,201,40,14,1
delafield,202212,724450,204,53,10,1
delafield,202301,674900,193,52,5,1
delafield,202302,639000,189,22,5,1
delafield,202303,669450,187,36,5,1
delafield,202304,664000,214,17,8,1
delafield,202305,847200,268,16,15,1
delafield,202306,654675,253,26,18,1
delafield,202307,629900,229,38,12,1
delafield,202308,779900,271,27,15,1
delafield,202309,732450,250,30,19,1
delafield,202310,707200,235,45,15,1
delafield,202311,703250,248,50,16,1
delafield,202312,679700,242,89,12,1
delafield,202401,679950,219,79,10,1
delafield,202402,687225,204,32,12,1
delafield,202403,749000,215,31,14,1
delafield,202404,768000,245,48,15,1
delafield,202405,744900,247,26,21,1
delafield,202406,769450,248,36,23,1
delafield,202407,780925,259,33,25,1
delafield,202408,699900,242,31,26,1
delafield,202409,693425,240,45,24,1
delafield,202410,692500,253,46,21,1
delafield,202411,833700,263,47,20,1
delafield,202412,1102978,302,70,14,1
delafield,202501,1214755,324,82,14,1
delafield,202502,1106503,309,94,15,1
delafield,202503,1180670,333,51,13,1
delafield,202504,819418,288,39,16,1
delafield,202505,799450,279,29,19,1
delafield,202506,939750,340,32,20,1
delafield,202507,1129718,353,46,17,1
delafield,202508,999000,319,51,19,1
delafield,202509,823675,267,29,23,1
delafield,202510,768500,257,35,23,1
delafield,202511,597450,238,40,18,1
delafield,202512,743750,260,67,15,1
delafield,202601,777450,268,47,15,1
delafield,202602,792450,367,65,14,1
delafield,202603,1490000,477,78,14,1
delafield,202604,1034950,383,66,15,1
delafield,202605,949999,310,31,20,1
delafield,202606,1555000,488,16,41,1
hartland,201607,499000,157,59,156,1
hartland,201608,511675,160,60,156,1
hartland,201609,527400,161,58,148,1
hartland,201610,524999,160,72,144,1
hartland,201611,545700,159,76,126,1
hartland,201612,554500,159,88,106,1
hartland,201701,565000,162,104,99,1
hartland,201702,557200,158,110,109,1
hartland,201703,548350,157,67,113,1
hartland,201704,545000,159,47,133,1
hartland,201705,549900,161,44,143,1
hartland,201706,528700,160,43,153,1
hartland,201707,542950,159,55,154,1
hartland,201708,547950,160,67,146,1
hartland,201709,527450,160,61,148,1
hartland,201710,499350,162,68,134,1
hartland,201711,499999,163,78,109,1
hartland,201712,489900,159,85,88,1
hartland,201801,489900,159,92,74,1
hartland,201802,489900,162,62,81,1
hartland,201803,524450,162,44,89,1
hartland,201804,556200,158,47,97,1
hartland,201805,544900,159,46,111,1
hartland,201806,549900,167,40,132,1
hartland,201807,547450,164,51,129,1
hartland,201808,537350,161,63,123,1
hartland,201809,549950,165,57,122,1
hartland,201810,567175,172,58,120,1
hartland,201811,579900,177,63,109,1
hartland,201812,549900,178,74,92,1
hartland,201901,621900,173,87,78,1
hartland,201902,607400,168,86,77,1
hartland,201903,591229,171,65,85,1
hartland,201904,629729,182,47,93,1
hartland,201905,616950,177,42,110,1
hartland,201906,550000,170,38,126,1
hartland,201907,542425,171,43,121,1
hartland,201908,539418,165,54,118,1
hartland,201909,539745,167,61,117,1
hartland,201910,539999,167,66,116,1
hartland,201911,554900,164,80,96,1
hartland,201912,575000,167,77,76,1
hartland,202001,573725,167,91,65,1
hartland,202002,642400,168,60,78,1
hartland,202003,633425,181,50,80,1
hartland,202004,649225,179,51,78,1
hartland,202005,587000,176,43,87,1
hartland,202006,575913,177,40,106,1
hartland,202007,581825,176,38,106,1
hartland,202008,599450,176,45,100,1
hartland,202009,587450,183,43,91,1
hartland,202010,564900,184,40,82,1
hartland,202011,559900,184,47,67,1
hartland,202012,549900,180,59,45,1
hartland,202101,599900,178,64,37,1
hartland,202102,599900,176,31,41,1
hartland,202103,599900,190,32,48,1
hartland,202104,590000,202,34,57,1
hartland,202105,569900,202,29,67,1
hartland,202106,562400,198,30,68,1
hartland,202107,557400,196,32,70,1
hartland,202108,543425,194,39,69,1
hartland,202109,548675,204,38,76,1
hartland,202110,579900,224,50,67,1
hartland,202111,556200,223,51,54,1
hartland,202112,528650,219,62,42,1
hartland,202201,574900,239,55,40,1
hartland,202202,604450,245,47,37,1
hartland,202203,619900,246,38,42,1
hartland,202204,609900,240,32,45,1
hartland,202205,633425,232,26,49,1
hartland,202206,626500,218,28,57,1
hartland,202207,612495,221,36,52,1
hartland,202208,611173,239,34,55,1
hartland,202209,564900,225,37,54,1
hartland,202210,599900,216,38,55,1
hartland,202211,609700,222,44,52,1
hartland,202212,637400,225,63,38,1
hartland,202301,634900,240,68,30,1
hartland,202302,608650,248,30,44,1
hartland,202303,601150,236,43,53,1
hartland,202304,624900,234,39,56,1
hartland,202305,652400,228,40,55,1
hartland,202306,678425,228,28,61,1
hartland,202307,654950,232,39,58,1
hartland,202308,662425,229,31,51,1
hartland,202309,649900,227,34,48,1
hartland,202310,656175,233,37,47,1
hartland,202311,659950,211,42,41,1
hartland,202312,639022,221,45,31,1
hartland,202401,641522,241,30,37,1
hartland,202402,619950,236,42,34,1
hartland,202403,682450,240,24,34,1
hartland,202404,739925,248,36,41,1
hartland,202405,732450,249,38,47,1
hartland,202406,707450,247,44,46,1
hartland,202407,809500,242,31,45,1
hartland,202408,799900,238,35,48,1
hartland,202409,769225,234,33,47,1
hartland,202410,754369,242,35,43,1
hartland,202411,744950,254,45,33,1
hartland,202412,747389,264,60,29,1
hartland,202501,731400,260,64,25,1
hartland,202502,764900,265,61,24,1
hartland,202503,799900,313,46,21,1
hartland,202504,768500,303,16,34,1
hartland,202505,780000,259,23,50,1
hartland,202506,787250,257,30,70,1
hartland,202507,749925,246,38,62,1
hartland,202508,724900,246,39,57,1
hartland,202509,749900,256,39,52,1
hartland,202510,725000,263,33,51,1
hartland,202511,697000,257,50,47,1
hartland,202512,724750,260,60,30,1
hartland,202601,774900,266,53,25,1
hartland,202602,794000,270,43,30,1
hartland,202603,831250,242,28,37,1
hartland,202604,699675,241,35,40,1
hartland,202605,675000,259,31,47,1
hartland,202606,661150,260,30,55,1
elm-grove,201607,459950,161,43,51,1
elm-grove,201608,454975,163,46,56,1
elm-grove,201609,469900,163,58,49,1
elm-grove,201610,469900,157,79,39,1
elm-grove,201611,468650,155,95,33,1
elm-grove,201612,462400,162,71,29,1
elm-grove,201701,488875,159,67,28,1
elm-grove,201702,509750,159,61,27,1
elm-grove,201703,498725,170,37,40,1
elm-grove,201704,495000,169,46,41,1
elm-grove,201705,499450,166,56,47,1
elm-grove,201706,520250,161,43,57,1
elm-grove,201707,499950,166,51,56,1
elm-grove,201708,498500,171,46,56,1
elm-grove,201709,449900,169,49,51,1
elm-grove,201710,458675,162,51,50,1
elm-grove,201711,463675,162,61,44,1
elm-grove,201712,459900,162,81,26,1
elm-grove,201801,613218,164,124,21,1
elm-grove,201802,606423,169,119,22,1
elm-grove,201803,659500,171,35,25,1
elm-grove,201804,611248,178,31,40,1
elm-grove,201805,606220,176,38,46,1
elm-grove,201806,579000,170,40,51,1
elm-grove,201807,541175,169,39,59,1
elm-grove,201808,539900,171,48,53,1
elm-grove,201809,550000,176,54,51,1
elm-grove,201810,554500,178,62,50,1
elm-grove,201811,549900,180,67,43,1
elm-grove,201812,584450,174,81,30,1
elm-grove,201901,574948,164,105,23,1
elm-grove,201902,587496,173,118,23,1
elm-grove,201903,590997,174,66,30,1
elm-grove,201904,587475,176,51,33,1
elm-grove,201905,584950,176,45,35,1
elm-grove,201906,576950,177,36,40,1
elm-grove,201907,576175,180,43,45,1
elm-grove,201908,547427,178,47,48,1
elm-grove,201909,515068,171,51,46,1
elm-grove,201910,498520,163,52,43,1
elm-grove,201911,539000,162,64,29,1
elm-grove,201912,599900,164,74,23,1
elm-grove,202001,605550,178,91,16,1
elm-grove,202002,582450,179,39,20,1
elm-grove,202003,540475,177,40,28,1
elm-grove,202004,566225,182,48,26,1
elm-grove,202005,549900,182,29,38,1
elm-grove,202006,564900,181,38,34,1
elm-grove,202007,557450,181,40,39,1
elm-grove,202008,559900,183,42,35,1
elm-grove,202009,542425,182,55,33,1
elm-grove,202010,532400,181,57,25,1
elm-grove,202011,529450,184,65,22,1
elm-grove,202012,506150,174,38,17,1
elm-grove,202101,499900,174,48,14,1
elm-grove,202102,528725,168,39,14,1
elm-grove,202103,374900,168,47,13,1
elm-grove,202104,476000,171,26,15,1
elm-grove,202105,485000,185,33,18,1
elm-grove,202106,529000,195,23,31,1
elm-grove,202107,572450,193,31,31,1
elm-grove,202108,586000,193,27,27,1
elm-grove,202109,586000,199,35,25,1
elm-grove,202110,575000,192,40,28,1
elm-grove,202111,546825,193,38,23,1
elm-grove,202112,489900,192,47,21,1
elm-grove,202201,542500,201,45,17,1
elm-grove,202202,546788,217,32,18,1
elm-grove,202203,537450,227,40,13,1
elm-grove,202204,575000,228,13,13,1
elm-grove,202205,468225,212,20,19,1
elm-grove,202206,524675,211,26,29,1
elm-grove,202207,649000,210,36,26,1
elm-grove,202208,621175,219,33,32,1
elm-grove,202209,624900,228,49,25,1
elm-grove,202210,619900,210,43,21,1
elm-grove,202211,690000,214,62,13,1
elm-grove,202212,749900,219,56,8,1
elm-grove,202301,706150,236,31,8,1
elm-grove,202302,480175,236,29,10,1
elm-grove,202303,523200,239,25,11,1
elm-grove,202304,684900,229,24,10,1
elm-grove,202305,435000,206,32,12,1
elm-grove,202306,727250,224,21,17,1
elm-grove,202307,749500,223,30,12,1
elm-grove,202308,659725,231,26,15,1
elm-grove,202309,737000,234,41,7,1
elm-grove,202310,864500,252,15,9,1
elm-grove,202311,656200,242,24,13,1
elm-grove,202312,627450,237,52,8,1
elm-grove,202401,459900,240,29,6,1
elm-grove,202402,592500,260,27,8,1
elm-grove,202403,899000,257,25,8,1
elm-grove,202404,831225,257,19,11,1
elm-grove,202405,642000,250,27,19,1
elm-grove,202406,597500,244,31,22,1
elm-grove,202407,597450,254,33,16,1
elm-grove,202408,574900,272,29,13,1
elm-grove,202409,563650,281,35,12,1
elm-grove,202410,503663,267,30,12,1
elm-grove,202411,374900,187,30,11,1
elm-grove,202412,345700,181,47,5,1
elm-grove,202501,345925,196,55,4,1
elm-grove,202502,343425,197,50,4,1
elm-grove,202503,795000,234,14,6,1
elm-grove,202504,765000,278,17,7,1
elm-grove,202505,730000,263,17,13,1
elm-grove,202506,701613,258,22,17,1
elm-grove,202507,598650,260,23,16,1
elm-grove,202508,610000,273,38,12,1
elm-grove,202509,571750,262,12,13,1
elm-grove,202510,548750,243,26,17,1
elm-grove,202511,479000,224,56,11,1
elm-grove,202512,415000,223,46,10,1
elm-grove,202601,439950,222,28,7,1
elm-grove,202602,534950,231,35,11,1
elm-grove,202603,539950,234,27,12,1
elm-grove,202604,880500,303,27,8,1
elm-grove,202605,781950,262,23,22,1
elm-grove,202606,815000,263,32,28,1
mukwonago,201607,319450,149,52,132,1
mukwonago,201608,298500,149,49,144,1
mukwonago,201609,303225,146,53,133,1
mukwonago,201610,299950,146,68,117,1
mukwonago,201611,338700,152,76,93,1
mukwonago,201612,349900,145,84,70,1
mukwonago,201701,349900,144,88,63,1
mukwonago,201702,350000,144,94,65,1
mukwonago,201703,355475,153,30,81,1
mukwonago,201704,337400,150,36,99,1
mukwonago,201705,320000,153,36,112,1
mukwonago,201706,344900,157,48,112,1
mukwonago,201707,362450,156,50,97,1
mukwonago,201708,358450,156,50,96,1
mukwonago,201709,337900,157,51,96,1
mukwonago,201710,341175,154,59,83,1
mukwonago,201711,333675,149,64,66,1
mukwonago,201712,305000,145,67,58,1
mukwonago,201801,346400,149,72,51,1
mukwonago,201802,343900,152,54,60,1
mukwonago,201803,350000,150,38,68,1
mukwonago,201804,358700,156,36,78,1
mukwonago,201805,347450,160,45,83,1
mukwonago,201806,340000,158,37,90,1
mukwonago,201807,348000,158,43,88,1
mukwonago,201808,342750,157,45,79,1
mukwonago,201809,325000,157,51,76,1
mukwonago,201810,320450,156,51,70,1
mukwonago,201811,307475,147,45,59,1
mukwonago,201812,308000,151,57,46,1
mukwonago,201901,328650,151,64,49,1
mukwonago,201902,338650,152,55,56,1
mukwonago,201903,334921,153,43,66,1
mukwonago,201904,369925,154,32,77,1
mukwonago,201905,398650,164,42,89,1
mukwonago,201906,378500,159,44,84,1
mukwonago,201907,377000,161,45,85,1
mukwonago,201908,376845,162,45,85,1
mukwonago,201909,372939,166,47,85,1
mukwonago,201910,364900,169,49,85,1
mukwonago,201911,349900,172,58,62,1
mukwonago,201912,359425,169,70,51,1
mukwonago,202001,378725,167,68,43,1
mukwonago,202002,377450,158,43,43,1
mukwonago,202003,366175,158,35,58,1
mukwonago,202004,374900,183,33,79,1
mukwonago,202005,374900,193,37,83,1
mukwonago,202006,374900,196,56,85,1
mukwonago,202007,374900,199,50,96,1
mukwonago,202008,385000,199,51,79,1
mukwonago,202009,374900,209,59,80,1
mukwonago,202010,374900,200,49,93,1
mukwonago,202011,374900,208,62,80,1
mukwonago,202012,374900,219,91,66,1
mukwonago,202101,379900,226,135,55,1
mukwonago,202102,385900,228,197,48,1
mukwonago,202103,385900,230,156,50,1
mukwonago,202104,385900,226,22,50,1
mukwonago,202105,385900,204,42,57,1
mukwonago,202106,394900,202,16,71,1
mukwonago,202107,409900,208,34,79,1
mukwonago,202108,399900,211,37,79,1
mukwonago,202109,399900,222,45,64,1
mukwonago,202110,414900,217,43,56,1
mukwonago,202111,406725,218,56,54,1
mukwonago,202112,399900,237,85,43,1
mukwonago,202201,419900,249,91,33,1
mukwonago,202202,432450,253,39,38,1
mukwonago,202203,437200,251,60,38,1
mukwonago,202204,461400,237,38,40,1
mukwonago,202205,463175,214,26,39,1
mukwonago,202206,499925,212,23,60,1
mukwonago,202207,500000,210,31,68,1
mukwonago,202208,502475,219,37,68,1
mukwonago,202209,443425,238,38,63,1
mukwonago,202210,479900,237,45,62,1
mukwonago,202211,479900,247,46,57,1
mukwonago,202212,479900,250,64,51,1
mukwonago,202301,513950,268,82,43,1
mukwonago,202302,492450,248,94,52,1
mukwonago,202303,484900,243,35,60,1
mukwonago,202304,489900,262,46,60,1
mukwonago,202305,479900,263,50,65,1
mukwonago,202306,479900,264,52,61,1
mukwonago,202307,479900,253,40,56,1
mukwonago,202308,457450,244,41,55,1
mukwonago,202309,449000,247,50,55,1
mukwonago,202310,443425,240,37,55,1
mukwonago,202311,457400,241,52,52,1
mukwonago,202312,462400,241,69,45,1
mukwonago,202401,479900,243,46,42,1
mukwonago,202402,479900,248,39,40,1
mukwonago,202403,479900,248,61,42,1
mukwonago,202404,486150,246,60,46,1
mukwonago,202405,521495,264,67,45,1
mukwonago,202406,499900,259,43,54,1
mukwonago,202407,493225,235,35,60,1
mukwonago,202408,499900,242,39,65,1
mukwonago,202409,484438,245,31,69,1
mukwonago,202410,479950,246,38,67,1
mukwonago,202411,487900,254,51,63,1
mukwonago,202412,479900,259,68,51,1
mukwonago,202501,478675,258,56,51,1
mukwonago,202502,488900,253,40,50,1
mukwonago,202503,489900,253,46,44,1
mukwonago,202504,489900,250,44,40,1
mukwonago,202505,489900,256,23,47,1
mukwonago,202506,519900,250,41,49,1
mukwonago,202507,562450,253,35,44,1
mukwonago,202508,549900,271,28,47,1
mukwonago,202509,513650,270,35,49,1
mukwonago,202510,504450,264,37,55,1
mukwonago,202511,535000,258,43,56,1
mukwonago,202512,538700,260,61,42,1
mukwonago,202601,599450,271,82,36,1
mukwonago,202602,507400,272,51,41,1
mukwonago,202603,494900,274,49,39,1
mukwonago,202604,501175,270,34,48,1
mukwonago,202605,509900,262,35,68,1
mukwonago,202606,514900,254,37,70,1
mequon,201607,459900,163,50,187,2
mequon,201608,456750,160,59,188,2
mequon,201609,472500,160,60,176,2
mequon,201610,479000,160,64,162,2
mequon,201611,499900,162,69,134,2
mequon,201612,499900,163,87,107,2
mequon,201701,499675,161,95,112,2
mequon,201702,499900,163,59,135,2
mequon,201703,517450,165,42,166,2
mequon,201704,499000,163,44,193,2
mequon,201705,495500,161,41,218,2
mequon,201706,539450,161,46,212,2
mequon,201707,539000,161,55,216,2
mequon,201708,539675,163,58,193,2
mequon,201709,525000,166,71,182,2
mequon,201710,524950,167,66,173,2
mequon,201711,512000,166,67,148,2
mequon,201712,522450,164,75,120,2
mequon,201801,552475,167,82,113,2
mequon,201802,544950,167,69,134,2
mequon,201803,529900,163,40,162,2
mequon,201804,529225,166,47,174,2
mequon,201805,525000,165,51,173,2
mequon,201806,532450,168,51,176,2
mequon,201807,486975,173,47,175,2
mequon,201808,470725,176,56,173,2
mequon,201809,469000,175,56,167,2
mequon,201810,467000,171,47,172,2
mequon,201811,456200,166,52,166,2
mequon,201812,462500,165,64,135,2
mequon,201901,503425,168,87,115,2
mequon,201902,552750,176,60,136,2
mequon,201903,560836,173,51,150,2
mequon,201904,569700,174,54,164,2
mequon,201905,552600,176,41,163,2
mequon,201906,519950,172,43,174,2
mequon,201907,535475,172,42,185,2
mequon,201908,535482,171,49,182,2
mequon,201909,529530,171,56,177,2
mequon,201910,523425,171,65,169,2
mequon,201911,499900,170,71,159,2
mequon,201912,494725,165,88,135,2
mequon,202001,524900,171,78,127,2
mequon,202002,559000,173,50,140,2
mequon,202003,566950,170,41,146,2
mequon,202004,578650,170,45,130,2
mequon,202005,566950,169,65,132,2
mequon,202006,531975,166,39,147,2
mequon,202007,534900,170,44,144,2
mequon,202008,549950,176,40,141,2
mequon,202009,559550,181,43,137,2
mequon,202010,552450,183,46,133,2
mequon,202011,569000,186,52,108,2
mequon,202012,569000,190,60,92,2
mequon,202101,599450,192,51,76,2
mequon,202102,652400,192,39,74,2
mequon,202103,614925,179,31,85,2
mequon,202104,618700,178,30,83,2
mequon,202105,579000,189,31,89,2
mequon,202106,574925,189,28,100,2
mequon,202107,495000,185,33,90,2
mequon,202108,489000,180,36,90,2
mequon,202109,472500,182,32,87,2
mequon,202110,469900,190,36,92,2
mequon,202111,416950,191,43,71,2
mequon,202112,425000,200,51,57,2
mequon,202201,384942,186,57,46,2
mequon,202202,475000,199,36,56,2
mequon,202203,599900,191,28,62,2
mequon,202204,469900,198,24,55,2
mequon,202205,453725,197,23,75,2
mequon,202206,543000,199,29,73,2
mequon,202207,539000,204,30,83,2
mequon,202208,517400,205,36,81,2
mequon,202209,560975,212,39,75,2
mequon,202210,545350,214,41,74,2
mequon,202211,471500,209,40,71,2
mequon,202212,566950,209,53,54,2
mequon,202301,614750,208,65,42,2
mequon,202302,658250,221,62,51,2
mequon,202303,665975,226,30,50,2
mequon,202304,668000,214,23,52,2
mequon,202305,629675,208,26,70,2
mequon,202306,699000,213,25,76,2
mequon,202307,710000,209,32,75,2
mequon,202308,688238,209,39,71,2
mequon,202309,625000,207,26,80,2
mequon,202310,531900,204,33,82,2
mequon,202311,556500,205,43,69,2
mequon,202312,549900,204,45,58,2
mequon,202401,569925,204,55,51,2
mequon,202402,527400,217,37,53,2
mequon,202403,522450,209,36,54,2
mequon,202404,629900,221,32,58,2
mequon,202405,612000,226,23,72,2
mequon,202406,574500,218,29,93,2
mequon,202407,604450,220,30,78,2
mequon,202408,549900,224,29,72,2
mequon,202409,563063,228,31,85,2
mequon,202410,508750,222,34,85,2
mequon,202411,495000,225,45,76,2
mequon,202412,594950,235,57,47,2
mequon,202501,582500,237,61,43,2
mequon,202502,588725,263,34,47,2
mequon,202503,595000,253,24,54,2
mequon,202504,536625,245,32,62,2
mequon,202505,549000,236,30,72,2
mequon,202506,582850,236,30,79,2
mequon,202507,599750,234,38,72,2
mequon,202508,659000,229,26,77,2
mequon,202509,539725,226,30,69,2
mequon,202510,532500,228,28,76,2
mequon,202511,542500,228,42,67,2
mequon,202512,520000,228,53,50,2
mequon,202601,489950,234,56,42,2
mequon,202602,492500,247,36,57,2
mequon,202603,589950,235,30,60,2
mequon,202604,669850,237,35,58,2
mequon,202605,687250,241,29,61,2
mequon,202606,651200,248,28,77,2
cedarburg,201607,377450,156,43,89,1
cedarburg,201608,352250,156,49,98,1
cedarburg,201609,349900,156,57,89,1
cedarburg,201610,349950,159,66,76,1
cedarburg,201611,329975,156,77,75,1
cedarburg,201612,324900,153,95,63,1
cedarburg,201701,324900,156,86,57,1
cedarburg,201702,354900,158,36,61,1
cedarburg,201703,373675,156,46,65,1
cedarburg,201704,392350,158,49,67,1
cedarburg,201705,397450,160,51,75,1
cedarburg,201706,426950,163,42,82,1
cedarburg,201707,379000,164,53,90,1
cedarburg,201708,381725,165,64,84,1
cedarburg,201709,389900,165,71,83,1
cedarburg,201710,434999,161,62,78,1
cedarburg,201711,392175,160,67,76,1
cedarburg,201712,419900,165,85,53,1
cedarburg,201801,412425,163,99,49,1
cedarburg,201802,371500,152,48,57,1
cedarburg,201803,387000,163,30,69,1
cedarburg,201804,434000,162,39,74,1
cedarburg,201805,419950,168,37,75,1
cedarburg,201806,424900,172,43,73,1
cedarburg,201807,399900,166,50,66,1
cedarburg,201808,419950,163,38,70,1
cedarburg,201809,419000,162,42,73,1
cedarburg,201810,407000,164,51,69,1
cedarburg,201811,407175,167,55,62,1
cedarburg,201812,424900,172,60,51,1
cedarburg,201901,436900,175,71,42,1
cedarburg,201902,417450,171,39,52,1
cedarburg,201903,444998,168,37,60,1
cedarburg,201904,494247,178,40,68,1
cedarburg,201905,471725,184,41,76,1
cedarburg,201906,457499,178,37,77,1
cedarburg,201907,456224,183,46,76,1
cedarburg,201908,440845,180,42,72,1
cedarburg,201909,423438,175,45,67,1
cedarburg,201910,404900,170,46,63,1
cedarburg,201911,395500,170,51,61,1
cedarburg,201912,437225,176,56,48,1
cedarburg,202001,432450,180,56,42,1
cedarburg,202002,439450,180,37,46,1
cedarburg,202003,399950,176,32,54,1
cedarburg,202004,419900,175,38,59,1
cedarburg,202005,414950,175,52,59,1
cedarburg,202006,416225,173,38,73,1
cedarburg,202007,435000,168,43,74,1
cedarburg,202008,409500,168,40,75,1
cedarburg,202009,373400,170,36,55,1
cedarburg,202010,374900,173,47,50,1
cedarburg,202011,349900,173,45,39,1
cedarburg,202012,344450,177,46,33,1
cedarburg,202101,349900,195,54,24,1
cedarburg,202102,491500,212,32,33,1
cedarburg,202103,491475,201,32,32,1
cedarburg,202104,483000,193,32,41,1
cedarburg,202105,444900,193,29,41,1
cedarburg,202106,414900,193,26,49,1
cedarburg,202107,460000,193,27,57,1
cedarburg,202108,399900,195,36,44,1
cedarburg,202109,399900,200,37,41,1
cedarburg,202110,399999,211,32,39,1
cedarburg,202111,374900,211,39,37,1
cedarburg,202112,399900,210,52,25,1
cedarburg,202201,420000,211,66,15,1
cedarburg,202202,521175,219,25,19,1
cedarburg,202203,448400,218,24,28,1
cedarburg,202204,477000,219,22,32,1
cedarburg,202205,492400,217,23,47,1
cedarburg,202206,469725,209,35,46,1
cedarburg,202207,494900,214,35,43,1
cedarburg,202208,496200,220,32,42,1
cedarburg,202209,468725,218,38,37,1
cedarburg,202210,492450,223,37,36,1
cedarburg,202211,513650,227,31,39,1
cedarburg,202212,524900,231,51,29,1
cedarburg,202301,539900,229,49,29,1
cedarburg,202302,586725,225,52,28,1
cedarburg,202303,581450,226,29,26,1
cedarburg,202304,519000,219,40,22,1
cedarburg,202305,484950,221,25,29,1
cedarburg,202306,532500,222,23,31,1
cedarburg,202307,519950,226,34,30,1
cedarburg,202308,489900,229,26,34,1
cedarburg,202309,480000,217,29,34,1
cedarburg,202310,599675,227,38,35,1
cedarburg,202311,587150,226,39,30,1
cedarburg,202312,519900,227,44,33,1
cedarburg,202401,483650,230,57,26,1
cedarburg,202402,472400,229,60,24,1
cedarburg,202403,527450,239,31,16,1
cedarburg,202404,523600,230,24,23,1
cedarburg,202405,524500,240,33,27,1
cedarburg,202406,499900,245,30,33,1
cedarburg,202407,485550,230,28,28,1
cedarburg,202408,468888,231,29,29,1
cedarburg,202409,476750,229,33,21,1
cedarburg,202410,477000,230,42,18,1
cedarburg,202411,469950,230,29,21,1
cedarburg,202412,485000,239,55,13,1
cedarburg,202501,521225,240,37,12,1
cedarburg,202502,430000,242,22,22,1
cedarburg,202503,499000,254,32,17,1
cedarburg,202504,468700,248,21,23,1
cedarburg,202505,522000,242,24,29,1
cedarburg,202506,602175,251,28,27,1
cedarburg,202507,643550,251,29,24,1
cedarburg,202508,599000,265,36,29,1
cedarburg,202509,622400,264,43,22,1
cedarburg,202510,589900,244,22,32,1
cedarburg,202511,589900,255,43,29,1
cedarburg,202512,634900,265,57,27,1
cedarburg,202601,695000,288,45,18,1
cedarburg,202602,799900,290,49,16,1
cedarburg,202603,649950,301,35,20,1
cedarburg,202604,547400,270,32,25,1
cedarburg,202605,649900,267,37,29,1
cedarburg,202606,603675,271,37,34,1
grafton,201607,259900,138,43,81,1
grafton,201608,268900,143,43,78,1
grafton,201609,264775,141,52,71,1
grafton,201610,277500,141,60,69,1
grafton,201611,304350,143,64,66,1
grafton,201612,299900,148,74,53,1
grafton,201701,305950,144,64,44,1
grafton,201702,319900,144,46,46,1
grafton,201703,303750,144,32,63,1
grafton,201704,304900,143,36,80,1
grafton,201705,314800,145,47,86,1
grafton,201706,330850,150,36,109,1
grafton,201707,375000,151,44,77,1
grafton,201708,357436,145,41,83,1
grafton,201709,339450,142,47,80,1
grafton,201710,306225,142,55,77,1
grafton,201711,315000,143,59,63,1
grafton,201712,324750,141,72,47,1
grafton,201801,332000,141,76,50,1
grafton,201802,324500,152,45,49,1
grafton,201803,337200,152,38,48,1
grafton,201804,349900,148,30,60,1
grafton,201805,356900,145,35,59,1
grafton,201806,334900,146,31,66,1
grafton,201807,349250,143,39,60,1
grafton,201808,357425,151,45,66,1
grafton,201809,369500,151,43,63,1
grafton,201810,334675,150,39,65,1
grafton,201811,324175,150,44,60,1
grafton,201812,399900,155,75,42,1
grafton,201901,383923,153,85,34,1
grafton,201902,385650,148,84,38,1
grafton,201903,389757,150,44,49,1
grafton,201904,400950,155,43,58,1
grafton,201905,384675,155,27,70,1
grafton,201906,364400,151,32,79,1
grafton,201907,364400,147,37,77,1
grafton,201908,335963,147,39,77,1
grafton,201909,315733,148,43,74,1
grafton,201910,302247,150,46,68,1
grafton,201911,334450,153,64,53,1
grafton,201912,351200,155,87,50,1
grafton,202001,404445,157,95,42,1
grafton,202002,413900,158,59,45,1
grafton,202003,394300,165,36,50,1
grafton,202004,407990,173,38,63,1
grafton,202005,419945,178,44,64,1
grafton,202006,419923,176,37,81,1
grafton,202007,419968,167,43,83,1
grafton,202008,425900,169,41,78,1
grafton,202009,427445,169,41,73,1
grafton,202010,432445,168,44,70,1
grafton,202011,434718,170,49,63,1
grafton,202012,446900,170,57,47,1
grafton,202101,450000,168,74,39,1
grafton,202102,459990,157,51,32,1
grafton,202103,457490,169,29,36,1
grafton,202104,409900,176,31,35,1
grafton,202105,421000,179,23,48,1
grafton,202106,434845,183,25,68,1
grafton,202107,449895,184,36,63,1
grafton,202108,447000,188,50,61,1
grafton,202109,448450,201,40,60,1
grafton,202110,459900,208,43,56,1
grafton,202111,449900,201,51,55,1
grafton,202112,442175,197,54,53,1
grafton,202201,451950,199,71,43,1
grafton,202202,465900,224,42,41,1
grafton,202203,484995,219,35,43,1
grafton,202204,522490,202,33,45,1
grafton,202205,539990,205,30,60,1
grafton,202206,538740,211,36,71,1
grafton,202207,509900,214,43,81,1
grafton,202208,509900,231,53,78,1
grafton,202209,542445,239,58,74,1
grafton,202210,539990,231,53,77,1
grafton,202211,534945,213,56,78,1
grafton,202212,537445,222,69,65,1
grafton,202301,539990,253,84,54,1
grafton,202302,539990,253,48,53,1
grafton,202303,549968,241,40,54,1
grafton,202304,544990,233,45,54,1
grafton,202305,549990,221,36,53,1
grafton,202306,542480,219,41,56,1
grafton,202307,539935,219,30,54,1
grafton,202308,539969,217,46,53,1
grafton,202309,549990,222,40,52,1
grafton,202310,571240,226,55,54,1
grafton,202311,573740,233,64,54,1
grafton,202312,572490,233,55,53,1
grafton,202401,589900,241,53,44,1
grafton,202402,579970,258,58,41,1
grafton,202403,564900,255,55,41,1
grafton,202404,559990,243,34,47,1
grafton,202405,574998,238,28,62,1
grafton,202406,569000,242,47,65,1
grafton,202407,577445,240,36,77,1
grafton,202408,579990,241,39,81,1
grafton,202409,575615,240,49,79,1
grafton,202410,579990,250,64,66,1
grafton,202411,594995,260,60,60,1
grafton,202412,587490,254,70,57,1
grafton,202501,629061,269,69,54,1
grafton,202502,632672,269,55,60,1
grafton,202503,629990,268,52,57,1
grafton,202504,628256,263,35,72,1
grafton,202505,638900,260,45,77,1
grafton,202506,629680,268,43,75,1
grafton,202507,629111,265,46,75,1
grafton,202508,633499,273,54,72,1
grafton,202509,637006,271,49,79,1
grafton,202510,629086,258,44,74,1
grafton,202511,657495,257,59,65,1
grafton,202512,661245,282,77,51,1
grafton,202601,668900,289,104,47,1
grafton,202602,661249,280,72,52,1
grafton,202603,659999,274,77,48,1
grafton,202604,659997,273,43,59,1
grafton,202605,659990,270,37,56,1
grafton,202606,642450,262,40,63,1
port-washington,201607,274950,137,42,95,1
port-washington,201608,269450,131,51,93,1
port-washington,201609,289900,134,68,84,1
port-washington,201610,289900,136,73,76,1
port-washington,201611,257400,136,77,53,1
port-washington,201612,257400,136,65,39,1
port-washington,201701,289900,151,95,36,1
port-washington,201702,226150,145,82,39,1
port-washington,201703,232400,140,47,46,1
port-washington,201704,284900,144,38,48,1
port-washington,201705,323300,150,30,65,1
port-washington,201706,299925,147,45,68,1
port-washington,201707,259900,146,53,68,1
port-washington,201708,316150,153,63,63,1
port-washington,201709,309900,150,43,63,1
port-washington,201710,329900,155,65,59,1
port-washington,201711,342150,155,83,49,1
port-washington,201712,337900,154,71,51,1
port-washington,201801,341900,163,69,52,1
port-washington,201802,343400,166,68,56,1
port-washington,201803,336400,161,55,63,1
port-washington,201804,326800,168,57,61,1
port-washington,201805,319900,164,49,70,1
port-washington,201806,315500,165,42,75,1
port-washington,201807,315450,169,46,68,1
port-washington,201808,314400,174,51,68,1
port-washington,201809,324500,192,67,63,1
port-washington,201810,344150,188,47,61,1
port-washington,201811,344450,191,60,51,1
port-washington,201812,349900,195,69,42,1
port-washington,201901,349150,191,70,45,1
port-washington,201902,370400,199,32,59,1
port-washington,201903,363329,195,43,63,1
port-washington,201904,380329,210,69,66,1
port-washington,201905,394675,202,60,64,1
port-washington,201906,339900,172,38,77,1
port-washington,201907,362388,185,34,96,1
port-washington,201908,386386,195,45,104,1
port-washington,201909,385466,194,68,97,1
port-washington,201910,384852,194,86,90,1
port-washington,201911,384750,196,102,77,1
port-washington,201912,373384,204,106,77,1
port-washington,202001,385813,210,131,75,1
port-washington,202002,389000,214,115,67,1
port-washington,202003,389675,225,79,72,1
port-washington,202004,406175,230,93,71,1
port-washington,202005,389450,221,94,80,1
port-washington,202006,361150,207,84,89,1
port-washington,202007,334750,185,61,90,1
port-washington,202008,334900,182,38,89,1
port-washington,202009,325000,179,35,89,1
port-washington,202010,329750,184,43,74,1
port-washington,202011,367425,185,46,61,1
port-washington,202012,398794,195,51,42,1
port-washington,202101,414313,234,29,36,1
port-washington,202102,417188,248,28,41,1
port-washington,202103,424044,260,24,52,1
port-washington,202104,414375,278,37,64,1
port-washington,202105,410800,239,37,67,1
port-washington,202106,402913,256,38,68,1
port-washington,202107,404475,283,43,69,1
port-washington,202108,432450,278,57,67,1
port-washington,202109,468675,366,81,61,1
port-washington,202110,425000,372,46,62,1
port-washington,202111,421974,234,51,70,1
port-washington,202112,447425,305,70,51,1
port-washington,202201,419900,203,57,36,1
port-washington,202202,418725,197,52,30,1
port-washington,202203,399900,216,30,28,1
port-washington,202204,425000,219,24,21,1
port-washington,202205,445950,210,16,26,1
port-washington,202206,451725,212,29,31,1
port-washington,202207,459900,232,44,28,1
port-washington,202208,458100,221,40,31,1
port-washington,202209,450000,216,48,28,1
port-washington,202210,449950,204,38,31,1
port-washington,202211,422225,236,39,26,1
port-washington,202212,420000,232,54,21,1
port-washington,202301,436200,254,75,21,1
port-washington,202302,432450,205,35,27,1
port-washington,202303,448700,221,57,21,1
port-washington,202304,474900,239,72,20,1
port-washington,202305,434925,226,26,24,1
port-washington,202306,399900,203,31,33,1
port-washington,202307,399900,191,32,35,1
port-washington,202308,406175,221,43,29,1
port-washington,202309,450000,253,29,31,1
port-washington,202310,453675,256,40,25,1
port-washington,202311,446400,206,29,28,1
port-washington,202312,454900,220,38,24,1
port-washington,202401,394925,215,57,19,1
port-washington,202402,459900,261,34,20,1
port-washington,202403,499000,265,39,22,1
port-washington,202404,550750,278,49,23,1
port-washington,202405,513475,253,46,23,1
port-washington,202406,419900,221,29,29,1
port-washington,202407,414974,213,29,18,1
port-washington,202408,477400,238,22,27,1
port-washington,202409,481150,238,33,30,1
port-washington,202410,482400,237,35,37,1
port-washington,202411,479900,232,52,32,1
port-washington,202412,476150,230,69,22,1
port-washington,202501,484900,234,94,18,1
port-washington,202502,426950,223,43,24,1
port-washington,202503,449900,235,29,31,1
port-washington,202504,539900,265,40,25,1
port-washington,202505,494950,262,29,22,1
port-washington,202506,377400,248,18,32,1
port-washington,202507,413200,249,30,30,1
port-washington,202508,507500,268,34,32,1
port-washington,202509,569450,291,36,36,1
port-washington,202510,556975,300,45,37,1
port-washington,202511,550500,288,50,38,1
port-washington,202512,583900,308,68,34,1
port-washington,202601,588400,316,102,27,1
port-washington,202602,507400,306,54,32,1
port-washington,202603,477400,308,50,35,1
port-washington,202604,502400,297,55,36,1
port-washington,202605,565000,278,44,36,1
port-washington,202606,518700,256,33,47,1
saukville,201607,199900,113,47,33,1
saukville,201608,203675,117,57,36,1
saukville,201609,219250,122,72,27,1
saukville,201610,239900,124,80,20,1
saukville,201611,252175,123,76,16,1
saukville,201612,299450,125,82,15,1
saukville,201701,309900,121,104,12,1
saukville,201702,281475,128,42,18,1
saukville,201703,265225,127,52,19,1
saukville,201704,225000,124,40,23,1
saukville,201705,192900,127,43,19,1
saukville,201706,228650,130,34,18,1
saukville,201707,224950,132,30,19,1
saukville,201708,239900,129,36,20,1
saukville,201709,223250,124,41,21,1
saukville,201710,226200,129,53,18,1
saukville,201711,232980,126,58,18,1
saukville,201712,236440,127,80,13,1
saukville,201801,232980,118,84,12,1
saukville,201802,210000,129,97,11,1
saukville,201803,239900,129,52,13,1
saukville,201804,272400,125,28,16,1
saukville,201805,287200,120,37,15,1
saukville,201806,248000,123,55,13,1
saukville,201807,235735,129,39,16,1
saukville,201808,248500,138,36,22,1
saukville,201809,249450,138,44,20,1
saukville,201810,219225,138,60,21,1
saukville,201811,216975,139,50,18,1
saukville,201812,209500,132,61,13,1
saukville,201901,207488,132,53,14,1
saukville,201902,228940,136,41,15,1
saukville,201903,258759,142,53,16,1
saukville,201904,272725,161,60,16,1
saukville,201905,236400,137,22,24,1
saukville,201906,242900,135,40,22,1
saukville,201907,249900,141,39,19,1
saukville,201908,255536,135,42,19,1
saukville,201909,269241,136,38,19,1
saukville,201910,270877,137,37,19,1
saukville,201911,264900,125,58,16,1
saukville,201912,273675,147,73,16,1
saukville,202001,253650,149,55,18,1
saukville,202002,269900,149,77,18,1
saukville,202003,261150,139,74,16,1
saukville,202004,212400,130,47,14,1
saukville,202005,225000,130,61,17,1
saukville,202006,261150,130,45,16,1
saukville,202007,266400,140,27,15,1
saukville,202008,268950,154,29,16,1
saukville,202009,265650,140,24,22,1
saukville,202010,242450,147,36,25,1
saukville,202011,243650,154,51,22,1
saukville,202012,257450,149,63,15,1
saukville,202101,235000,133,68,9,1
saukville,202102,202400,145,35,7,1
saukville,202103,257450,154,16,11,1
saukville,202104,251225,157,36,10,1
saukville,202105,274900,166,40,10,1
saukville,202106,249900,165,31,8,1
saukville,202107,252450,184,23,10,1
saukville,202108,256950,179,37,13,1
saukville,202109,233725,172,29,17,1
saukville,202110,249900,174,50,13,1
saukville,202111,267400,178,30,9,1
saukville,202112,261725,190,33,6,1
saukville,202201,272400,189,47,5,1
saukville,202202,273650,191,104,5,1
saukville,202203,279900,191,23,6,1
saukville,202204,307400,188,25,6,1
saukville,202205,276700,190,26,5,1
saukville,202206,297500,206,34,5,1
saukville,202207,299900,196,17,11,1
saukville,202208,304925,166,28,15,1
saukville,202209,287450,185,38,6,1
saukville,202210,344450,174,15,8,1
saukville,202211,328000,182,40,9,1
saukville,202212,355000,213,38,5,1
saukville,202301,355000,202,50,5,1
saukville,202302,318650,190,30,9,1
saukville,202303,297400,190,37,7,1
saukville,202304,284900,165,17,5,1
saukville,202305,357500,185,23,6,1
saukville,202306,344950,165,39,5,1
saukville,202307,404900,235,19,4,1
saukville,202308,411150,230,27,6,1
saukville,202309,355000,214,23,5,1
saukville,202310,382425,208,44,4,1
saukville,202311,378650,229,23,6,1
saukville,202312,339950,196,33,6,1
saukville,202401,382400,196,65,1,1
saukville,202402,380950,247,9,3,1
saukville,202403,358450,231,15,7,1
saukville,202404,332175,193,33,6,1
saukville,202405,299900,212,21,7,1
saukville,202406,432400,213,29,9,1
saukville,202407,457400,214,45,11,1
saukville,202408,457400,259,51,8,1
saukville,202409,521113,252,103,6,1
saukville,202410,492450,237,19,7,1
saukville,202411,444900,220,25,11,1
saukville,202412,458650,237,25,11,1
saukville,202501,456150,230,32,9,1
saukville,202502,454900,248,39,6,1
saukville,202503,456400,240,66,6,1
saukville,202504,488675,248,30,9,1
saukville,202505,412400,231,29,8,1
saukville,202506,452450,217,25,5,1
saukville,202507,415000,210,18,9,1
saukville,202508,399000,211,32,10,1
saukville,202509,394450,213,24,13,1
saukville,202510,397400,212,25,18,1
saukville,202511,369950,198,38,17,1
saukville,202512,379950,201,60,16,1
saukville,202601,399900,203,65,12,1
saukville,202602,419900,209,62,10,1
saukville,202603,447450,224,38,9,1
saukville,202604,454975,212,33,10,1
saukville,202605,459000,209,28,13,1
saukville,202606,449725,250,32,10,1
west-bend,201607,259900,117,51,274,2
west-bend,201608,259900,118,51,274,2
west-bend,201609,259900,118,64,263,2
west-bend,201610,249900,117,67,238,2
west-bend,201611,259900,123,76,194,2
west-bend,201612,257000,123,82,172,2
west-bend,201701,247175,121,96,151,2
west-bend,201702,249950,114,85,157,2
west-bend,201703,262400,113,58,179,2
west-bend,201704,264900,120,32,204,2
west-bend,201705,269300,120,38,220,2
west-bend,201706,279900,126,39,221,2
west-bend,201707,284950,128,43,225,2
west-bend,201708,285856,128,52,235,2
west-bend,201709,269900,126,60,218,2
west-bend,201710,274900,130,65,220,2
west-bend,201711,287794,132,75,192,2
west-bend,201712,299200,129,71,158,2
west-bend,201801,299990,128,84,147,2
west-bend,201802,294631,128,64,152,2
west-bend,201803,304990,129,53,154,2
west-bend,201804,307448,137,41,155,2
west-bend,201805,300498,137,33,168,2
west-bend,201806,285000,134,35,182,2
west-bend,201807,261150,134,38,194,2
west-bend,201808,266900,134,43,209,2
west-bend,201809,271900,140,46,194,2
west-bend,201810,271150,135,47,206,2
west-bend,201811,264900,132,61,187,2
west-bend,201812,281950,132,78,144,2
west-bend,201901,283700,127,79,120,2
west-bend,201902,285000,130,54,126,2
west-bend,201903,297329,137,43,139,2
west-bend,201904,320400,145,36,163,2
west-bend,201905,312450,149,36,179,2
west-bend,201906,299900,135,33,189,2
west-bend,201907,304900,135,38,213,2
west-bend,201908,320809,135,41,208,2
west-bend,201909,337173,136,46,183,2
west-bend,201910,341832,137,49,168,2
west-bend,201911,259900,136,45,161,2
west-bend,201912,262400,137,54,128,2
west-bend,202001,311950,133,52,122,2
west-bend,202002,314900,138,44,117,2
west-bend,202003,289900,133,41,126,2
west-bend,202004,309900,142,39,119,2
west-bend,202005,334900,140,38,126,2
west-bend,202006,327400,139,32,142,2
west-bend,202007,337450,142,39,152,2
west-bend,202008,339900,146,32,163,2
west-bend,202009,299900,138,36,158,2
west-bend,202010,314950,145,38,143,2
west-bend,202011,311225,149,40,119,2
west-bend,202012,317500,152,47,101,2
west-bend,202101,335000,156,46,81,2
west-bend,202102,292475,157,27,79,2
west-bend,202103,295750,154,36,78,2
west-bend,202104,351950,146,25,88,2
west-bend,202105,299900,148,24,111,2
west-bend,202106,287450,160,24,140,2
west-bend,202107,260000,162,31,154,2
west-bend,202108,323725,157,29,161,2
west-bend,202109,334450,167,35,164,2
west-bend,202110,329900,169,36,166,2
west-bend,202111,309450,168,47,130,2
west-bend,202112,284900,160,52,89,2
west-bend,202201,259900,164,60,63,2
west-bend,202202,434945,193,60,61,2
west-bend,202203,354150,190,35,66,2
west-bend,202204,397450,174,19,90,2
west-bend,202205,394900,164,25,104,2
west-bend,202206,398675,170,27,110,2
west-bend,202207,397450,170,30,105,2
west-bend,202208,313675,154,28,126,2
west-bend,202209,333650,169,37,112,2
west-bend,202210,334900,181,36,102,2
west-bend,202211,313650,165,34,91,2
west-bend,202212,324900,163,37,62,2
west-bend,202301,377475,222,68,42,2
west-bend,202302,380925,165,37,43,2
west-bend,202303,374900,194,21,55,2
west-bend,202304,409900,183,26,62,2
west-bend,202305,373675,184,22,81,2
west-bend,202306,346300,182,28,87,2
west-bend,202307,384900,179,31,86,2
west-bend,202308,419900,189,39,87,2
west-bend,202309,369900,189,31,99,2
west-bend,202310,449923,188,37,98,2
west-bend,202311,428650,183,37,83,2
west-bend,202312,464450,182,42,72,2
west-bend,202401,389925,235,41,61,2
west-bend,202402,342500,202,34,66,2
west-bend,202403,339950,189,25,78,2
west-bend,202404,404900,198,32,87,2
west-bend,202405,389900,201,29,102,2
west-bend,202406,390900,236,36,110,2
west-bend,202407,399900,207,29,110,2
west-bend,202408,377400,199,29,125,2
west-bend,202409,351775,198,32,135,2
west-bend,202410,363700,209,38,125,2
west-bend,202411,370000,209,49,117,2
west-bend,202412,404900,205,60,86,2
west-bend,202501,359950,229,53,76,2
west-bend,202502,374900,205,41,78,2
west-bend,202503,395000,203,30,96,2
west-bend,202504,376925,205,36,99,2
west-bend,202505,430000,216,35,100,2
west-bend,202506,429950,210,30,130,2
west-bend,202507,428725,203,37,121,2
west-bend,202508,429900,203,37,123,2
west-bend,202509,430000,213,37,119,2
west-bend,202510,430000,218,36,123,2
west-bend,202511,430000,214,39,122,2
west-bend,202512,430000,225,50,92,2
west-bend,202601,430000,244,61,67,2
west-bend,202602,437500,252,40,78,2
west-bend,202603,430000,242,39,95,2
west-bend,202604,397275,211,32,108,2
west-bend,202605,409900,207,31,122,2
west-bend,202606,430000,226,32,120,2
germantown,201607,294500,136,41,75,1
germantown,201608,304675,133,50,69,1
germantown,201609,289175,131,42,74,1
germantown,201610,274200,126,45,71,1
germantown,201611,269450,127,61,60,1
germantown,201612,249900,121,61,53,1
germantown,201701,253675,118,59,46,1
germantown,201702,252400,114,41,55,1
germantown,201703,242400,115,34,65,1
germantown,201704,244450,119,36,66,1
germantown,201705,272400,125,25,72,1
germantown,201706,298881,124,31,76,1
germantown,201707,299450,124,36,64,1
germantown,201708,271975,130,30,72,1
germantown,201709,287400,133,37,69,1
germantown,201710,278650,125,38,55,1
germantown,201711,284900,128,42,53,1
germantown,201712,278000,132,59,43,1
germantown,201801,289950,134,63,40,1
germantown,201802,292400,132,64,43,1
germantown,201803,304900,129,35,38,1
germantown,201804,319900,133,25,55,1
germantown,201805,329900,133,29,69,1
germantown,201806,327000,139,36,73,1
germantown,201807,327400,137,37,60,1
germantown,201808,316225,132,29,72,1
germantown,201809,314900,143,43,67,1
germantown,201810,297850,146,42,68,1
germantown,201811,289900,145,38,68,1
germantown,201812,289450,141,52,55,1
germantown,201901,286175,133,71,47,1
germantown,201902,304900,136,74,47,1
germantown,201903,320614,139,48,60,1
germantown,201904,333114,143,36,79,1
germantown,201905,333650,138,41,74,1
germantown,201906,349900,144,37,72,1
germantown,201907,339000,144,36,72,1
germantown,201908,334273,143,39,65,1
germantown,201909,325682,142,35,63,1
germantown,201910,322905,143,32,60,1
germantown,201911,324900,144,38,51,1
germantown,201912,314900,143,46,39,1
germantown,202001,323238,150,59,29,1
germantown,202002,318250,153,31,32,1
germantown,202003,304900,152,29,47,1
germantown,202004,319538,150,37,54,1
germantown,202005,374900,142,36,61,1
germantown,202006,360500,144,39,62,1
germantown,202007,335000,153,31,60,1
germantown,202008,317400,148,34,54,1
germantown,202009,314900,142,32,50,1
germantown,202010,299900,149,34,50,1
germantown,202011,289950,161,33,50,1
germantown,202012,298675,159,39,37,1
germantown,202101,315000,157,39,38,1
germantown,202102,307450,155,36,42,1
germantown,202103,338725,150,32,43,1
germantown,202104,373725,158,27,46,1
germantown,202105,397450,162,28,60,1
germantown,202106,382450,169,26,73,1
germantown,202107,397450,166,36,76,1
germantown,202108,373150,159,33,71,1
germantown,202109,378450,177,36,81,1
germantown,202110,400000,183,45,71,1
germantown,202111,443425,178,53,53,1
germantown,202112,428175,174,47,54,1
germantown,202201,444900,195,47,37,1
germantown,202202,444900,223,40,31,1
germantown,202203,459900,223,29,35,1
germantown,202204,474900,213,30,36,1
germantown,202205,387400,201,19,43,1
germantown,202206,399975,188,23,61,1
germantown,202207,430000,183,30,56,1
germantown,202208,452400,183,39,50,1
germantown,202209,449900,193,35,46,1
germantown,202210,419000,194,37,47,1
germantown,202211,474900,190,30,40,1
germantown,202212,489900,188,44,35,1
germantown,202301,492400,209,66,31,1
germantown,202302,484900,211,46,32,1
germantown,202303,482400,207,37,34,1
germantown,202304,474900,209,33,35,1
germantown,202305,474900,226,31,49,1
germantown,202306,466150,226,27,56,1
germantown,202307,491950,228,30,57,1
germantown,202308,474725,213,30,60,1
germantown,202309,469000,215,37,58,1
germantown,202310,552425,235,45,53,1
germantown,202311,528650,251,48,49,1
germantown,202312,507400,233,45,51,1
germantown,202401,554413,233,52,47,1
germantown,202402,533675,240,39,41,1
germantown,202403,519900,258,38,44,1
germantown,202404,481225,237,51,45,1
germantown,202405,492400,223,30,51,1
germantown,202406,484900,208,36,58,1
germantown,202407,474900,222,33,55,1
germantown,202408,479900,222,32,58,1
germantown,202409,484650,219,34,60,1
germantown,202410,476150,226,27,65,1
germantown,202411,450000,237,48,55,1
germantown,202412,426200,221,53,44,1
germantown,202501,416175,215,46,40,1
germantown,202502,499900,243,38,28,1
germantown,202503,439900,234,26,31,1
germantown,202504,483500,230,29,44,1
germantown,202505,499900,229,33,42,1
germantown,202506,533900,223,34,48,1
germantown,202507,531200,214,30,60,1
germantown,202508,489500,209,37,61,1
germantown,202509,489900,214,37,55,1
germantown,202510,491175,211,36,58,1
germantown,202511,448900,210,43,61,1
germantown,202512,430750,217,59,46,1
germantown,202601,406000,216,72,40,1
germantown,202602,400500,215,60,39,1
germantown,202603,449925,219,34,42,1
germantown,202604,449700,226,33,40,1
germantown,202605,449900,228,29,45,1
germantown,202606,453150,227,29,46,1
hartford,201607,239900,127,56,126,1
hartford,201608,257316,127,60,123,1
hartford,201609,264773,126,55,120,1
hartford,201610,264716,125,57,123,1
hartford,201611,248450,125,58,116,1
hartford,201612,259900,125,72,107,1
hartford,201701,259900,126,95,97,1
hartford,201702,269923,130,88,96,1
hartford,201703,269900,130,48,98,1
hartford,201704,272990,129,43,111,1
hartford,201705,269900,126,40,123,1
hartford,201706,261950,126,40,128,1
hartford,201707,267900,126,44,135,1
hartford,201708,271445,130,47,123,1
hartford,201709,274990,135,55,117,1
hartford,201710,273673,132,56,115,1
hartford,201711,277450,132,52,111,1
hartford,201712,289900,131,63,91,1
hartford,201801,284990,132,69,91,1
hartford,201802,287445,133,66,85,1
hartford,201803,294900,135,53,77,1
hartford,201804,284968,134,49,79,1
hartford,201805,289990,135,46,81,1
hartford,201806,289990,135,34,91,1
hartford,201807,289990,135,44,105,1
hartford,201808,286173,134,45,110,1
hartford,201809,269900,136,50,105,1
hartford,201810,278000,135,58,100,1
hartford,201811,272425,134,67,86,1
hartford,201812,284945,142,61,80,1
hartford,201901,293495,145,60,81,1
hartford,201902,294800,146,65,78,1
hartford,201903,298036,148,57,86,1
hartford,201904,313486,145,53,101,1
hartford,201905,316150,145,52,92,1
hartford,201906,294900,143,38,99,1
hartford,201907,294900,144,38,98,1
hartford,201908,299686,144,44,102,1
hartford,201909,284366,144,45,107,1
hartford,201910,274152,145,48,109,1
hartford,201911,299700,151,64,88,1
hartford,201912,309900,150,81,73,1
hartford,202001,299900,150,90,72,1
hartford,202002,299900,149,74,77,1
hartford,202003,311175,146,28,88,1
hartford,202004,304925,143,40,82,1
hartford,202005,319450,147,47,79,1
hartford,202006,309000,146,38,78,1
hartford,202007,287421,143,38,80,1
hartford,202008,279900,141,36,90,1
hartford,202009,299900,146,35,85,1
hartford,202010,294900,146,34,80,1
hartford,202011,301950,146,44,61,1
hartford,202012,301950,152,42,48,1
hartford,202101,299000,167,44,43,1
hartford,202102,302250,169,45,43,1
hartford,202103,304953,159,40,49,1
hartford,202104,325900,160,32,57,1
hartford,202105,341200,159,30,64,1
hartford,202106,337840,160,27,80,1
hartford,202107,338680,160,30,86,1
hartford,202108,335450,159,37,84,1
hartford,202109,288200,158,35,80,1
hartford,202110,299000,162,45,67,1
hartford,202111,321175,174,42,49,1
hartford,202112,333675,184,45,38,1
hartford,202201,354900,179,42,31,1
hartford,202202,357900,181,27,37,1
hartford,202203,369650,175,30,41,1
hartford,202204,374900,172,33,40,1
hartford,202205,349400,174,26,51,1
hartford,202206,349900,175,25,52,1
hartford,202207,358700,178,31,55,1
hartford,202208,377975,186,30,59,1
hartford,202209,385650,191,37,50,1
hartford,202210,374900,207,38,52,1
hartford,202211,384900,210,40,59,1
hartford,202212,379900,205,51,51,1
hartford,202301,377400,209,58,46,1
hartford,202302,374900,212,50,50,1
hartford,202303,387400,216,48,46,1
hartford,202304,399900,211,38,46,1
hartford,202305,404900,209,34,52,1
hartford,202306,417825,208,31,56,1
hartford,202307,399900,216,33,56,1
hartford,202308,392350,220,31,58,1
hartford,202309,395000,211,36,56,1
hartford,202310,378650,212,41,50,1
hartford,202311,371150,232,47,36,1
hartford,202312,374950,221,50,31,1
hartford,202401,376225,215,34,34,1
hartford,202402,374950,213,38,35,1
hartford,202403,389900,218,35,42,1
hartford,202404,399900,217,36,45,1
hartford,202405,404900,225,29,51,1
hartford,202406,399900,210,32,56,1
hartford,202407,415938,209,30,49,1
hartford,202408,399900,206,29,58,1
hartford,202409,403675,207,41,66,1
hartford,202410,406875,206,39,59,1
hartford,202411,395950,205,50,39,1
hartford,202412,389900,223,68,32,1
hartford,202501,391400,218,45,27,1
hartford,202502,396900,239,53,29,1
hartford,202503,399900,230,29,37,1
hartford,202504,384900,219,32,45,1
hartford,202505,384900,222,26,59,1
hartford,202506,399900,230,33,53,1
hartford,202507,399900,218,37,53,1
hartford,202508,399900,215,32,62,1
hartford,202509,395375,221,33,70,1
hartford,202510,390400,221,41,58,1
hartford,202511,379450,216,37,55,1
hartford,202512,372425,215,48,45,1
hartford,202601,389950,219,64,40,1
hartford,202602,428525,223,52,42,1
hartford,202603,446150,224,32,47,1
hartford,202604,488050,229,29,61,1
hartford,202605,477400,236,38,62,1
hartford,202606,491225,246,45,63,1
jackson,201607,259000,123,44,70,1
jackson,201608,253520,123,49,74,1
jackson,201609,251195,122,49,70,1
jackson,201610,249950,125,58,62,1
jackson,201611,229225,121,62,44,1
jackson,201612,244690,133,86,32,1
jackson,201701,251243,137,104,30,1
jackson,201702,279900,138,53,39,1
jackson,201703,282150,133,32,54,1
jackson,201704,279900,133,37,65,1
jackson,201705,259900,132,38,76,1
jackson,201706,274425,131,46,72,1
jackson,201707,262450,127,46,69,1
jackson,201708,253725,131,44,65,1
jackson,201709,263950,138,50,62,1
jackson,201710,269650,138,55,59,1
jackson,201711,264925,139,67,54,1
jackson,201712,289900,138,61,41,1
jackson,201801,299900,143,76,33,1
jackson,201802,290900,145,70,35,1
jackson,201803,279900,145,61,37,1
jackson,201804,274650,139,34,39,1
jackson,201805,297000,147,27,56,1
jackson,201806,299900,142,40,51,1
jackson,201807,315950,140,45,48,1
jackson,201808,291400,136,36,53,1
jackson,201809,287450,134,51,50,1
jackson,201810,279900,138,51,44,1
jackson,201811,279900,133,44,48,1
jackson,201812,289900,137,60,43,1
jackson,201901,306925,137,85,40,1
jackson,201902,310000,139,82,39,1
jackson,201903,298171,137,47,43,1
jackson,201904,298171,147,64,47,1
jackson,201905,289950,149,42,45,1
jackson,201906,289900,156,43,42,1
jackson,201907,294900,152,35,43,1
jackson,201908,286732,149,39,44,1
jackson,201909,296980,153,45,40,1
jackson,201910,301286,152,42,38,1
jackson,201911,284900,146,36,35,1
jackson,201912,313950,150,63,28,1
jackson,202001,319725,154,59,26,1
jackson,202002,295000,149,31,38,1
jackson,202003,312725,143,40,41,1
jackson,202004,320650,149,45,37,1
jackson,202005,324900,147,36,44,1
jackson,202006,319150,151,45,36,1
jackson,202007,301225,135,40,33,1
jackson,202008,319950,153,36,28,1
jackson,202009,341895,167,33,27,1
jackson,202010,350000,142,44,24,1
jackson,202011,329900,155,23,32,1
jackson,202012,310000,167,39,29,1
jackson,202101,305000,173,57,27,1
jackson,202102,303000,184,83,26,1
jackson,202103,309500,185,36,32,1
jackson,202104,319900,188,32,30,1
jackson,202105,318900,176,27,31,1
jackson,202106,333725,165,30,33,1
jackson,202107,315000,161,30,31,1
jackson,202108,319400,162,25,35,1
jackson,202109,306725,153,30,43,1
jackson,202110,339900,165,31,46,1
jackson,202111,326250,178,52,34,1
jackson,202112,334500,183,58,31,1
jackson,202201,359900,211,42,27,1
jackson,202202,412248,218,27,26,1
jackson,202203,369900,214,39,27,1
jackson,202204,399900,236,29,41,1
jackson,202205,409925,202,40,48,1
jackson,202206,437400,197,32,50,1
jackson,202207,429900,212,31,50,1
jackson,202208,426150,231,54,51,1
jackson,202209,423650,236,65,55,1
jackson,202210,439900,242,85,46,1
jackson,202211,439900,248,87,44,1
jackson,202212,439900,253,51,38,1
jackson,202301,442400,258,46,36,1
jackson,202302,442400,255,70,31,1
jackson,202303,449900,257,72,27,1
jackson,202304,449900,256,70,30,1
jackson,202305,444900,253,87,33,1
jackson,202306,429900,249,43,40,1
jackson,202307,429900,248,53,37,1
jackson,202308,429900,222,54,34,1
jackson,202309,429900,241,40,31,1
jackson,202310,352450,227,24,51,1
jackson,202311,429900,238,38,48,1
jackson,202312,429900,256,60,34,1
jackson,202401,429900,264,55,37,1
jackson,202402,429900,256,30,40,1
jackson,202403,419450,247,36,50,1
jackson,202404,419675,232,55,45,1
jackson,202405,429900,223,43,50,1
jackson,202406,439900,240,44,47,1
jackson,202407,449925,250,45,37,1
jackson,202408,454450,244,39,45,1
jackson,202409,443650,237,39,56,1
jackson,202410,449700,244,41,64,1
jackson,202411,459900,246,43,66,1
jackson,202412,464900,260,60,57,1
jackson,202501,467450,270,78,49,1
jackson,202502,465550,271,96,50,1
jackson,202503,459900,269,25,45,1
jackson,202504,459900,266,54,48,1
jackson,202505,439900,240,57,58,1
jackson,202506,426812,257,51,54,1
jackson,202507,449900,237,51,61,1
jackson,202508,438700,235,71,62,1
jackson,202509,449900,254,68,52,1
jackson,202510,449900,256,27,57,1
jackson,202511,449900,261,48,59,1
jackson,202512,439900,264,80,61,1
jackson,202601,439900,266,97,55,1
jackson,202602,434950,281,117,56,1
jackson,202603,414950,264,88,54,1
jackson,202604,437425,263,73,61,1
jackson,202605,419857,251,39,58,1
jackson,202606,394675,251,59,46,1
slinger,201607,275900,136,44,44,1
slinger,201608,275000,128,44,44,1
slinger,201609,267675,130,48,37,1
slinger,201610,299000,129,60,37,1
slinger,201611,299675,136,62,38,1
slinger,201612,304950,134,76,30,1
slinger,201701,299900,133,90,26,1
slinger,201702,295925,132,89,28,1
slinger,201703,262425,127,41,33,1
slinger,201704,279900,129,36,30,1
slinger,201705,289675,131,38,32,1
slinger,201706,312450,131,29,29,1
slinger,201707,299900,122,26,34,1
slinger,201708,288650,119,34,34,1
slinger,201709,269000,125,43,36,1
slinger,201710,289900,126,44,32,1
slinger,201711,280813,125,41,33,1
slinger,201712,294250,134,61,27,1
slinger,201801,284925,145,73,24,1
slinger,201802,289495,141,35,29,1
slinger,201803,293990,134,33,30,1
slinger,201804,287825,149,27,46,1
slinger,201805,274900,151,38,48,1
slinger,201806,265250,148,39,57,1
slinger,201807,290300,149,50,59,1
slinger,201808,315950,148,63,56,1
slinger,201809,314900,153,53,45,1
slinger,201810,337400,158,45,42,1
slinger,201811,352900,164,55,39,1
slinger,201812,341900,164,62,34,1
slinger,201901,341400,165,56,29,1
slinger,201902,347475,165,60,30,1
slinger,201903,347100,160,57,35,1
slinger,201904,353150,156,50,36,1
slinger,201905,352425,154,57,37,1
slinger,201906,346950,147,36,43,1
slinger,201907,341950,145,50,40,1
slinger,201908,335273,143,47,43,1
slinger,201909,335907,138,44,44,1
slinger,201910,336330,135,43,44,1
slinger,201911,349900,153,53,44,1
slinger,201912,353900,176,48,44,1
slinger,202001,359650,178,64,34,1
slinger,202002,377900,182,76,36,1
slinger,202003,370800,176,35,44,1
slinger,202004,366600,176,42,43,1
slinger,202005,389900,179,43,32,1
slinger,202006,384900,180,42,30,1
slinger,202007,358650,155,44,34,1
slinger,202008,319900,148,28,39,1
slinger,202009,324900,152,41,33,1
slinger,202010,342750,157,58,30,1
slinger,202011,347400,157,34,33,1
slinger,202012,359900,166,54,25,1
slinger,202101,359900,185,40,24,1
slinger,202102,369900,206,31,26,1
slinger,202103,367175,205,40,25,1
slinger,202104,394950,184,51,19,1
slinger,202105,463900,179,20,25,1
slinger,202106,396150,170,25,35,1
slinger,202107,392400,175,37,31,1
slinger,202108,410950,186,34,29,1
slinger,202109,445925,190,28,30,1
slinger,202110,459900,196,35,29,1
slinger,202111,411175,178,37,29,1
slinger,202112,462150,199,44,23,1
slinger,202201,467900,221,50,18,1
slinger,202202,493400,236,28,19,1
slinger,202203,500650,239,39,23,1
slinger,202204,510400,241,35,27,1
slinger,202205,494400,238,38,32,1
slinger,202206,428675,220,33,37,1
slinger,202207,424950,211,30,45,1
slinger,202208,430000,236,50,41,1
slinger,202209,453650,244,64,35,1
slinger,202210,499900,243,58,34,1
slinger,202211,515150,254,53,28,1
slinger,202212,518900,266,64,24,1
slinger,202301,519400,268,75,24,1
slinger,202302,502900,237,78,27,1
slinger,202303,507900,242,79,28,1
slinger,202304,509900,236,44,32,1
slinger,202305,514400,239,64,32,1
slinger,202306,504900,248,26,33,1
slinger,202307,499900,252,45,33,1
slinger,202308,499900,259,73,30,1
slinger,202309,514900,273,43,28,1
slinger,202310,508400,271,43,29,1
slinger,202311,505900,271,61,27,1
slinger,202312,508400,272,92,23,1
slinger,202401,520800,274,116,25,1
slinger,202402,515900,269,98,24,1
slinger,202403,511900,267,36,31,1
slinger,202404,499800,250,43,37,1
slinger,202405,499900,246,58,31,1
slinger,202406,494450,244,57,37,1
slinger,202407,496725,249,37,35,1
slinger,202408,500950,233,36,38,1
slinger,202409,536150,230,46,34,1
slinger,202410,521900,242,38,33,1
slinger,202411,524999,232,43,41,1
slinger,202412,491063,256,52,41,1
slinger,202501,493538,263,50,39,1
slinger,202502,510950,277,42,39,1
slinger,202503,540900,279,55,35,1
slinger,202504,549900,287,58,34,1
slinger,202505,547900,264,53,40,1
slinger,202506,549675,243,42,43,1
slinger,202507,560363,245,37,44,1
slinger,202508,558950,241,44,46,1
slinger,202509,556675,233,50,48,1
slinger,202510,560363,233,55,44,1
slinger,202511,534000,247,42,42,1
slinger,202512,569450,249,52,36,1
slinger,202601,585000,261,51,33,1
slinger,202602,546700,264,47,37,1
slinger,202603,494675,259,45,41,1
slinger,202604,546950,251,39,46,1
slinger,202605,574000,242,33,46,1
slinger,202606,568950,241,50,42,1
racine,201607,116950,82,55,524,4
racine,201608,117950,84,60,517,4
racine,201609,117850,85,60,509,4
racine,201610,114600,84,60,503,4
racine,201611,110874,83,64,444,4
racine,201612,111750,84,73,396,4
racine,201701,120150,84,84,348,4
racine,201702,117900,84,87,344,4
racine,201703,119900,84,58,349,4
racine,201704,124950,89,37,368,4
racine,201705,133175,96,43,384,4
racine,201706,144500,97,45,404,4
racine,201707,137000,97,40,440,4
racine,201708,143900,98,46,443,4
racine,201709,139900,100,52,429,4
racine,201710,139900,97,49,415,4
racine,201711,132800,93,54,374,4
racine,201712,134900,91,69,322,4
racine,201801,139900,95,74,286,4
racine,201802,147425,97,73,265,4
racine,201803,150000,95,40,261,4
racine,201804,149900,101,36,273,4
racine,201805,150750,107,33,288,4
racine,201806,164900,110,34,293,4
racine,201807,157450,108,33,300,4
racine,201808,129300,111,30,357,4
racine,201809,129900,108,38,355,4
racine,201810,128675,111,36,373,4
racine,201811,125925,112,41,362,4
racine,201812,120000,114,54,330,4
racine,201901,119925,109,62,304,4
racine,201902,138175,106,63,273,4
racine,201903,131643,103,50,292,4
racine,201904,131675,104,42,308,4
racine,201905,142950,113,39,312,4
racine,201906,142450,106,33,326,4
racine,201907,139900,103,33,348,4
racine,201908,139900,103,35,358,4
racine,201909,139900,105,39,361,4
racine,201910,138900,107,42,363,4
racine,201911,130000,104,47,352,4
racine,201912,129900,102,58,300,4
racine,202001,125675,102,73,269,4
racine,202002,127900,101,56,268,4
racine,202003,141250,106,38,278,4
racine,202004,125000,108,43,288,4
racine,202005,139000,111,44,281,4
racine,202006,144975,115,35,320,4
racine,202007,149700,116,33,328,4
racine,202008,145000,114,36,332,4
racine,202009,180000,115,33,325,4
racine,202010,178900,113,36,332,4
racine,202011,153175,117,38,307,4
racine,202012,148520,117,39,253,4
racine,202101,164900,116,49,216,4
racine,202102,163675,118,40,206,4
racine,202103,166175,118,37,180,4
racine,202104,162450,130,28,194,4
racine,202105,167500,133,22,240,4
racine,202106,165000,139,29,288,4
racine,202107,179900,140,24,306,4
racine,202108,159725,135,27,330,4
racine,202109,162400,128,32,382,4
racine,202110,169900,130,38,367,4
racine,202111,169950,127,43,299,4
racine,202112,177450,122,52,230,4
racine,202201,172450,121,53,169,4
racine,202202,179900,127,38,149,4
racine,202203,176250,135,23,142,4
racine,202204,197450,138,25,190,4
racine,202205,201975,137,23,220,4
racine,202206,179950,142,25,260,4
racine,202207,184900,140,29,270,4
racine,202208,184900,137,30,280,4
racine,202209,185925,136,37,264,4
racine,202210,189000,135,37,243,4
racine,202211,180650,131,39,224,4
racine,202212,182900,128,48,191,4
racine,202301,182450,147,52,159,4
racine,202302,185000,145,41,160,4
racine,202303,184250,153,36,135,4
racine,202304,189900,148,24,136,4
racine,202305,189900,145,25,146,4
racine,202306,207475,151,26,167,4
racine,202307,199900,149,31,170,4
racine,202308,199600,158,30,172,4
racine,202309,219900,161,31,164,4
racine,202310,213750,156,25,172,4
racine,202311,201175,153,32,167,4
racine,202312,194900,146,40,149,4
racine,202401,215000,158,45,141,4
racine,202402,200700,161,39,132,4
racine,202403,201500,161,30,118,4
racine,202404,199900,163,24,114,4
racine,202405,208650,160,22,162,4
racine,202406,215000,163,34,171,4
racine,202407,206825,168,29,155,4
racine,202408,224900,163,25,179,4
racine,202409,224937,157,31,205,4
racine,202410,218725,155,31,194,4
racine,202411,220000,155,36,192,4
racine,202412,221250,163,38,164,4
racine,202501,237450,156,45,130,4
racine,202502,220975,164,31,141,4
racine,202503,249900,171,26,146,4
racine,202504,233650,164,26,153,4
racine,202505,230000,157,29,162,4
racine,202506,250000,165,29,178,4
racine,202507,249925,175,29,183,4
racine,202508,249900,180,29,198,4
racine,202509,256250,186,28,200,4
racine,202510,249950,187,29,183,4
racine,202511,249950,180,30,199,4
racine,202512,239900,179,41,163,4
racine,202601,240000,182,43,143,4
racine,202602,249900,195,35,139,4
racine,202603,274900,205,30,154,4
racine,202604,253425,194,32,154,4
racine,202605,250000,184,26,157,4
racine,202606,249950,183,27,182,4
mount-pleasant,201607,191000,102,45,124,1
mount-pleasant,201608,186475,100,43,129,1
mount-pleasant,201609,182650,101,43,122,1
mount-pleasant,201610,182900,100,45,121,1
mount-pleasant,201611,184650,103,46,117,1
mount-pleasant,201612,187000,104,65,106,1
mount-pleasant,201701,184750,105,76,97,1
mount-pleasant,201702,177450,102,63,96,1
mount-pleasant,201703,207450,107,46,99,1
mount-pleasant,201704,199950,108,42,102,1
mount-pleasant,201705,195100,111,39,98,1
mount-pleasant,201706,189925,109,33,123,1
mount-pleasant,201707,202400,109,36,132,1
mount-pleasant,201708,227400,114,47,121,1
mount-pleasant,201709,232200,113,50,114,1
mount-pleasant,201710,232250,113,52,106,1
mount-pleasant,201711,239800,113,52,98,1
mount-pleasant,201712,200950,110,54,75,1
mount-pleasant,201801,184950,110,57,65,1
mount-pleasant,201802,192000,111,49,68,1
mount-pleasant,201803,199000,111,35,70,1
mount-pleasant,201804,215175,116,25,83,1
mount-pleasant,201805,199325,115,29,82,1
mount-pleasant,201806,213450,117,28,92,1
mount-pleasant,201807,199950,112,29,96,1
mount-pleasant,201808,199000,112,27,104,1
mount-pleasant,201809,210000,115,34,99,1
mount-pleasant,201810,214900,115,40,101,1
mount-pleasant,201811,238400,120,39,92,1
mount-pleasant,201812,234900,117,46,87,1
mount-pleasant,201901,221225,120,70,74,1
mount-pleasant,201902,231425,123,53,62,1
mount-pleasant,201903,238371,129,38,72,1
mount-pleasant,201904,246975,129,32,84,1
mount-pleasant,201905,273174,129,30,94,1
mount-pleasant,201906,227400,127,30,110,1
mount-pleasant,201907,224900,122,32,123,1
mount-pleasant,201908,224914,122,36,128,1
mount-pleasant,201909,224934,121,36,129,1
mount-pleasant,201910,224948,120,39,130,1
mount-pleasant,201911,224900,116,50,126,1
mount-pleasant,201912,225750,116,64,94,1
mount-pleasant,202001,220900,116,71,85,1
mount-pleasant,202002,246950,121,47,82,1
mount-pleasant,202003,269425,123,43,83,1
mount-pleasant,202004,272450,136,37,84,1
mount-pleasant,202005,261400,133,34,98,1
mount-pleasant,202006,263175,137,43,93,1
mount-pleasant,202007,260200,136,36,90,1
mount-pleasant,202008,257400,134,32,96,1
mount-pleasant,202009,232250,132,36,97,1
mount-pleasant,202010,252450,136,35,88,1
mount-pleasant,202011,249975,137,35,76,1
mount-pleasant,202012,233925,139,37,78,1
mount-pleasant,202101,217450,135,41,61,1
mount-pleasant,202102,219975,137,39,57,1
mount-pleasant,202103,218950,139,34,57,1
mount-pleasant,202104,219950,133,33,42,1
mount-pleasant,202105,237400,132,16,54,1
mount-pleasant,202106,249900,138,25,78,1
mount-pleasant,202107,249000,140,29,70,1
mount-pleasant,202108,249500,139,26,84,1
mount-pleasant,202109,264000,142,29,94,1
mount-pleasant,202110,260000,143,32,97,1
mount-pleasant,202111,240475,140,37,85,1
mount-pleasant,202112,246825,144,48,66,1
mount-pleasant,202201,267000,154,64,49,1
mount-pleasant,202202,252375,174,43,40,1
mount-pleasant,202203,277400,152,22,47,1
mount-pleasant,202204,287400,152,25,55,1
mount-pleasant,202205,327400,153,25,69,1
mount-pleasant,202206,334900,155,21,89,1
mount-pleasant,202207,327400,151,29,100,1
mount-pleasant,202208,304450,157,36,98,1
mount-pleasant,202209,319450,169,39,84,1
mount-pleasant,202210,325000,167,31,87,1
mount-pleasant,202211,299900,157,45,71,1
mount-pleasant,202212,299900,172,45,52,1
mount-pleasant,202301,298950,179,40,45,1
mount-pleasant,202302,312175,179,37,39,1
mount-pleasant,202303,349000,173,38,38,1
mount-pleasant,202304,324900,171,37,43,1
mount-pleasant,202305,302450,157,26,54,1
mount-pleasant,202306,297400,158,27,56,1
mount-pleasant,202307,349900,166,28,66,1
mount-pleasant,202308,350000,170,31,62,1
mount-pleasant,202309,340000,175,27,50,1
mount-pleasant,202310,309950,172,30,55,1
mount-pleasant,202311,323725,173,30,58,1
mount-pleasant,202312,320000,172,37,52,1
mount-pleasant,202401,308675,175,50,44,1
mount-pleasant,202402,317475,186,29,52,1
mount-pleasant,202403,346450,181,30,50,1
mount-pleasant,202404,333650,178,37,46,1
mount-pleasant,202405,375000,171,25,53,1
mount-pleasant,202406,349900,175,29,68,1
mount-pleasant,202407,349900,175,32,61,1
mount-pleasant,202408,349900,173,29,68,1
mount-pleasant,202409,328050,166,34,70,1
mount-pleasant,202410,309950,164,27,82,1
mount-pleasant,202411,319500,166,36,69,1
mount-pleasant,202412,327900,169,44,44,1
mount-pleasant,202501,331445,177,45,43,1
mount-pleasant,202502,359470,181,33,42,1
mount-pleasant,202503,364900,185,33,38,1
mount-pleasant,202504,309625,177,25,42,1
mount-pleasant,202505,375000,183,23,50,1
mount-pleasant,202506,361200,186,25,63,1
mount-pleasant,202507,395475,185,26,70,1
mount-pleasant,202508,354900,180,35,67,1
mount-pleasant,202509,359925,183,36,73,1
mount-pleasant,202510,362500,184,32,73,1
mount-pleasant,202511,379400,183,37,70,1
mount-pleasant,202512,392750,185,44,57,1
mount-pleasant,202601,424000,184,54,53,1
mount-pleasant,202602,392250,204,44,46,1
mount-pleasant,202603,400725,196,27,46,1
mount-pleasant,202604,391225,202,30,59,1
mount-pleasant,202605,367450,200,30,65,1
mount-pleasant,202606,376000,196,24,79,1
caledonia,201607,329900,141,54,14,1
caledonia,201608,319900,139,72,14,1
caledonia,201609,324900,122,97,12,1
caledonia,201610,267450,123,108,7,1
caledonia,201611,226150,114,99,8,1
caledonia,201612,259000,106,91,6,1
caledonia,201701,289900,123,65,5,1
caledonia,201702,254900,104,82,5,1
caledonia,201703,254900,104,107,5,1
caledonia,201704,267400,109,68,6,1
caledonia,201705,267400,115,60,6,1
caledonia,201706,361150,126,34,6,1
caledonia,201707,289900,142,46,5,1
caledonia,201708,259900,101,58,5,1
caledonia,201709,259900,130,75,5,1
caledonia,201710,198650,130,26,6,1
caledonia,201711,246175,137,32,4,1
caledonia,201712,247500,123,52,4,1
caledonia,201801,299000,133,56,4,1
caledonia,201802,299000,144,57,5,1
caledonia,201803,234950,149,23,6,1
caledonia,201804,254800,126,29,5,1
caledonia,201805,349900,114,30,5,1
caledonia,201806,369900,134,53,4,1
caledonia,201807,477450,162,54,6,1
caledonia,201808,379900,160,39,9,1
caledonia,201809,499900,168,45,10,1
caledonia,201810,499900,148,42,12,1
caledonia,201811,534750,149,54,9,1
caledonia,201812,534000,154,69,8,1
caledonia,201901,499900,147,74,7,1
caledonia,201902,489900,146,64,9,1
caledonia,201903,487421,143,38,10,1
caledonia,201904,477421,141,49,14,1
caledonia,201905,508675,143,40,15,1
caledonia,201906,519900,139,44,14,1
caledonia,201907,496150,143,49,18,1
caledonia,201908,463991,145,51,17,1
caledonia,201909,380127,155,58,15,1
caledonia,201910,314900,162,67,12,1
caledonia,201911,287450,167,59,10,1
caledonia,201912,249900,141,57,11,1
caledonia,202001,229900,132,79,9,1
caledonia,202002,229350,132,101,7,1
caledonia,202003,302450,169,35,7,1
caledonia,202004,375000,161,28,11,1
caledonia,202005,292400,168,38,14,1
caledonia,202006,323724,170,55,10,1
caledonia,202007,383724,162,42,8,1
caledonia,202008,499000,152,37,7,1
caledonia,202009,380000,160,26,7,1
caledonia,202010,475000,184,29,8,1
caledonia,202011,352175,194,45,8,1
caledonia,202012,416950,184,52,6,1
caledonia,202101,575000,205,52,4,1
caledonia,202102,499000,184,14,3,1
caledonia,202103,398250,184,35,4,1
caledonia,202104,393450,190,43,4,1
caledonia,202105,337450,174,17,6,1
caledonia,202106,587400,204,24,8,1
caledonia,202107,472400,185,50,8,1
caledonia,202108,497400,193,43,7,1
caledonia,202109,425500,212,33,8,1
caledonia,202110,369900,231,32,10,1
caledonia,202111,312250,222,37,11,1
caledonia,202112,333725,231,66,6,1
caledonia,202201,320000,179,43,2,1
caledonia,202202,400475,172,12,5,1
caledonia,202203,475450,189,26,5,1
caledonia,202204,491900,217,21,5,1
caledonia,202205,428225,185,33,7,1
caledonia,202206,442425,186,34,6,1
caledonia,202207,499900,190,38,6,1
caledonia,202208,613650,187,26,7,1
caledonia,202209,639500,188,20,8,1
caledonia,202210,487450,181,29,12,1
caledonia,202211,499900,186,38,10,1
caledonia,202212,599000,171,97,3,1
caledonia,202301,573675,217,19,5,1
caledonia,202302,510000,178,32,6,1
caledonia,202303,611175,189,39,6,1
caledonia,202304,619900,212,16,9,1
caledonia,202305,609900,216,37,7,1
caledonia,202306,749950,219,36,7,1
caledonia,202307,749950,218,30,10,1
caledonia,202308,692450,235,48,8,1
caledonia,202309,462000,277,36,7,1
caledonia,202310,434950,236,44,6,1
caledonia,202311,442425,212,36,7,1
caledonia,202312,424950,212,56,7,1
caledonia,202401,382450,197,75,6,1
caledonia,202402,400000,197,88,5,1
caledonia,202403,432400,221,81,2,1
caledonia,202404,699950,219,15,1,1
caledonia,202405,850000,213,13,2,1
caledonia,202406,379900,224,26,2,1
caledonia,202407,639500,226,9,4,1
caledonia,202408,559000,233,32,3,1
caledonia,202409,392488,235,15,5,1
caledonia,202410,419975,221,31,5,1
caledonia,202411,400000,213,24,5,1
caledonia,202412,399000,216,33,5,1
caledonia,202501,334450,235,45,6,1
caledonia,202502,341225,201,40,5,1
caledonia,202503,360000,196,34,2,1
caledonia,202504,379999,190,14,4,1
caledonia,202505,519900,195,28,4,1
caledonia,202506,387450,262,28,3,1
caledonia,202507,365000,254,13,2,1
caledonia,202508,365000,276,17,5,1
caledonia,202509,793750,286,33,5,1
caledonia,202510,681250,258,27,6,1
caledonia,202511,384950,246,41,4,1
caledonia,202512,464925,226,46,1,1
caledonia,202601,259000,253,7,1,1
caledonia,202602,265000,259,10,1,1
caledonia,202603,959900,414,16,1,1
caledonia,202604,925000,256,25,3,1
caledonia,202605,849900,258,21,5,1
caledonia,202606,550000,258,18,8,1
burlington,201607,239900,131,72,205,1
burlington,201608,237200,128,75,198,1
burlington,201609,231050,123,71,204,1
burlington,201610,228950,122,64,194,1
burlington,201611,234500,124,65,182,1
burlington,201612,230950,122,85,151,1
burlington,201701,226700,119,94,129,1
burlington,201702,230500,119,89,140,1
burlington,201703,239225,123,60,151,1
burlington,201704,239900,126,49,156,1
burlington,201705,250342,128,51,171,1
burlington,201706,279100,132,51,178,1
burlington,201707,287000,136,55,169,1
burlington,201708,276163,133,65,171,1
burlington,201709,269900,136,60,175,1
burlington,201710,265925,135,66,157,1
burlington,201711,249900,134,72,142,1
burlington,201712,255000,140,82,117,1
burlington,201801,303650,142,87,102,1
burlington,201802,291175,142,80,107,1
burlington,201803,285000,142,60,111,1
burlington,201804,289900,138,46,112,1
burlington,201805,282900,144,46,118,1
burlington,201806,269900,146,43,128,1
burlington,201807,259900,141,43,142,1
burlington,201808,269925,142,50,140,1
burlington,201809,269950,144,52,142,1
burlington,201810,279675,145,54,129,1
burlington,201811,285425,147,54,118,1
burlington,201812,279900,140,63,111,1
burlington,201901,287900,147,74,95,1
burlington,201902,302400,154,77,90,1
burlington,201903,302757,156,53,106,1
burlington,201904,315307,163,42,132,1
burlington,201905,314900,165,46,136,1
burlington,201906,299900,158,50,139,1
burlington,201907,289900,156,47,158,1
burlington,201908,287173,153,54,156,1
burlington,201909,283082,150,54,148,1
burlington,201910,280355,148,53,144,1
burlington,201911,269900,142,57,143,1
burlington,201912,284900,142,73,118,1
burlington,202001,292450,144,86,102,1
burlington,202002,289900,153,91,104,1
burlington,202003,295500,152,56,100,1
burlington,202004,329725,164,54,90,1
burlington,202005,319900,156,62,101,1
burlington,202006,299586,157,56,103,1
burlington,202007,324675,153,43,106,1
burlington,202008,327400,160,45,94,1
burlington,202009,268950,161,38,99,1
burlington,202010,268950,154,39,98,1
burlington,202011,271400,151,42,101,1
burlington,202012,272400,148,52,75,1
burlington,202101,287000,144,52,55,1
burlington,202102,296950,138,37,59,1
burlington,202103,286675,151,32,63,1
burlington,202104,282250,159,34,64,1
burlington,202105,299900,163,24,66,1
burlington,202106,301550,169,27,80,1
burlington,202107,319950,163,32,72,1
burlington,202108,316050,176,30,84,1
burlington,202109,324900,176,36,92,1
burlington,202110,348750,177,40,77,1
burlington,202111,308450,178,38,70,1
burlington,202112,299900,182,54,56,1
burlington,202201,375000,190,45,50,1
burlington,202202,399900,191,41,45,1
burlington,202203,399900,186,41,49,1
burlington,202204,350000,194,33,61,1
burlington,202205,366975,198,31,72,1
burlington,202206,373450,203,27,89,1
burlington,202207,375000,206,32,88,1
burlington,202208,370000,203,37,105,1
burlington,202209,377000,203,42,104,1
burlington,202210,387400,203,53,99,1
burlington,202211,375000,203,58,81,1
burlington,202212,379900,203,52,53,1
burlington,202301,409500,203,60,46,1
burlington,202302,413000,202,59,51,1
burlington,202303,426450,201,40,56,1
burlington,202304,449900,229,48,56,1
burlington,202305,449950,245,37,58,1
burlington,202306,447175,228,31,58,1
burlington,202307,462450,223,36,65,1
burlington,202308,475000,218,38,64,1
burlington,202309,477000,207,31,62,1
burlington,202310,465250,202,34,73,1
burlington,202311,448675,200,47,63,1
burlington,202312,414450,205,62,55,1
burlington,202401,404450,204,72,39,1
burlington,202402,421725,202,37,51,1
burlington,202403,424900,203,38,50,1
burlington,202404,447450,217,37,57,1
burlington,202405,475000,219,33,72,1
burlington,202406,472450,218,38,84,1
burlington,202407,449450,217,43,73,1
burlington,202408,429900,229,39,72,1
burlington,202409,401150,219,38,79,1
burlington,202410,399900,205,35,81,1
burlington,202411,399900,204,44,66,1
burlington,202412,448675,229,50,53,1
burlington,202501,464900,238,54,45,1
burlington,202502,449280,236,66,42,1
burlington,202503,449590,236,37,50,1
burlington,202504,449390,251,29,71,1
burlington,202505,475900,261,36,72,1
burlington,202506,480000,243,36,70,1
burlington,202507,478750,234,30,80,1
burlington,202508,464900,232,33,74,1
burlington,202509,447090,226,35,72,1
burlington,202510,454590,227,43,75,1
burlington,202511,437500,228,44,76,1
burlington,202512,427500,228,55,51,1
burlington,202601,399900,210,53,43,1
burlington,202602,399900,205,53,44,1
burlington,202603,414925,213,28,45,1
burlington,202604,450000,237,32,49,1
burlington,202605,422500,248,24,65,1
burlington,202606,437250,237,34,75,1
sturtevant,201607,224900,120,42,32,1
sturtevant,201608,223150,120,60,38,1
sturtevant,201609,220000,118,65,35,1
sturtevant,201610,186950,109,52,28,1
sturtevant,201611,203675,107,49,31,1
sturtevant,201612,148700,109,55,28,1
sturtevant,201701,129475,106,66,23,1
sturtevant,201702,154375,120,76,24,1
sturtevant,201703,183300,119,60,27,1
sturtevant,201704,239900,120,36,34,1
sturtevant,201705,239900,116,50,32,1
sturtevant,201706,239900,115,49,35,1
sturtevant,201707,249900,121,45,32,1
sturtevant,201708,237400,122,51,33,1
sturtevant,201709,199000,125,43,33,1
sturtevant,201710,205475,126,62,33,1
sturtevant,201711,246900,125,80,27,1
sturtevant,201712,243500,128,77,26,1
sturtevant,201801,243850,130,89,23,1
sturtevant,201802,247400,124,70,24,1
sturtevant,201803,275900,126,59,23,1
sturtevant,201804,273950,140,35,19,1
sturtevant,201805,267400,146,31,18,1
sturtevant,201806,278900,142,32,20,1
sturtevant,201807,278800,141,36,21,1
sturtevant,201808,274900,149,32,22,1
sturtevant,201809,252400,133,28,28,1
sturtevant,201810,241600,139,31,34,1
sturtevant,201811,220900,144,40,37,1
sturtevant,201812,249000,139,60,25,1
sturtevant,201901,270750,150,98,21,1
sturtevant,201902,278738,171,93,24,1
sturtevant,201903,273714,163,64,29,1
sturtevant,201904,272214,154,46,34,1
sturtevant,201905,266000,144,42,35,1
sturtevant,201906,279900,139,35,36,1
sturtevant,201907,279900,146,42,34,1
sturtevant,201908,281505,142,53,32,1
sturtevant,201909,298911,144,60,31,1
sturtevant,201910,313725,146,69,30,1
sturtevant,201911,309900,147,72,30,1
sturtevant,201912,304950,146,92,28,1
sturtevant,202001,309900,145,99,26,1
sturtevant,202002,264900,148,47,32,1
sturtevant,202003,257425,148,51,31,1
sturtevant,202004,254900,142,49,30,1
sturtevant,202005,259900,142,48,24,1
sturtevant,202006,269925,153,54,20,1
sturtevant,202007,282400,162,32,25,1
sturtevant,202008,274900,149,38,21,1
sturtevant,202009,283650,151,41,22,1
sturtevant,202010,264900,159,37,23,1
sturtevant,202011,251225,163,43,20,1
sturtevant,202012,240000,168,53,16,1
sturtevant,202101,235000,175,58,15,1
sturtevant,202102,228650,166,25,16,1
sturtevant,202103,319900,188,18,17,1
sturtevant,202104,333700,206,28,20,1
sturtevant,202105,334950,206,29,32,1
sturtevant,202106,339900,205,35,41,1
sturtevant,202107,339900,183,38,32,1
sturtevant,202108,300725,173,37,30,1
sturtevant,202109,329900,176,40,30,1
sturtevant,202110,270000,178,36,34,1
sturtevant,202111,264500,181,42,31,1
sturtevant,202112,327450,190,56,25,1
sturtevant,202201,344900,176,69,17,1
sturtevant,202202,351900,178,57,16,1
sturtevant,202203,364975,183,31,12,1
sturtevant,202204,365000,208,43,9,1
sturtevant,202205,365000,199,16,13,1
sturtevant,202206,364950,196,29,16,1
sturtevant,202207,349900,189,36,14,1
sturtevant,202208,314900,184,35,19,1
sturtevant,202209,314900,168,33,19,1
sturtevant,202210,329900,183,36,22,1
sturtevant,202211,329650,179,44,20,1
sturtevant,202212,338000,183,29,16,1
sturtevant,202301,340000,212,42,12,1
sturtevant,202302,490000,260,54,11,1
sturtevant,202303,459250,224,84,11,1
sturtevant,202304,374950,209,27,13,1
sturtevant,202305,364925,211,30,14,1
sturtevant,202306,348675,197,40,7,1
sturtevant,202307,307450,174,36,10,1
sturtevant,202308,291150,178,31,9,1
sturtevant,202309,257450,191,33,12,1
sturtevant,202310,261225,208,33,13,1
sturtevant,202311,273750,206,27,14,1
sturtevant,202312,319950,176,39,11,1
sturtevant,202401,302500,166,52,11,1
sturtevant,202402,305000,163,24,11,1
sturtevant,202403,305000,179,29,10,1
sturtevant,202404,374975,216,41,9,1
sturtevant,202405,329900,212,19,12,1
sturtevant,202406,329900,192,31,11,1
sturtevant,202407,272425,180,30,10,1
sturtevant,202408,259900,190,33,9,1
sturtevant,202409,395000,193,16,9,1
sturtevant,202410,363750,195,32,9,1
sturtevant,202411,330000,238,31,7,1
sturtevant,202412,392500,254,40,7,1
sturtevant,202501,339500,237,51,11,1
sturtevant,202502,339500,241,63,9,1
sturtevant,202503,407500,233,29,13,1
sturtevant,202504,294950,188,31,16,1
sturtevant,202505,399900,192,36,14,1
sturtevant,202506,376175,211,38,13,1
sturtevant,202507,408750,215,30,13,1
sturtevant,202508,400000,227,29,17,1
sturtevant,202509,414900,219,36,14,1
sturtevant,202510,479500,210,37,13,1
sturtevant,202511,349900,208,51,10,1
sturtevant,202512,337400,237,66,8,1
sturtevant,202601,399999,252,30,8,1
sturtevant,202602,424249,212,32,10,1
sturtevant,202603,405499,205,31,9,1
sturtevant,202604,431250,204,16,11,1
sturtevant,202605,442450,235,29,11,1
sturtevant,202606,436175,281,33,9,1
kenosha,201607,157200,100,47,443,4
kenosha,201608,156675,100,44,428,4
kenosha,201609,151925,101,40,431,4
kenosha,201610,165000,104,52,413,4
kenosha,201611,121900,97,58,365,4
kenosha,201612,149999,104,73,312,4
kenosha,201701,156950,103,66,276,4
kenosha,201702,159650,105,52,296,4
kenosha,201703,169900,105,39,316,4
kenosha,201704,167900,104,31,338,4
kenosha,201705,159900,102,34,373,4
kenosha,201706,169975,104,35,383,4
kenosha,201707,169950,105,36,390,4
kenosha,201708,169900,105,41,399,4
kenosha,201709,163900,105,40,400,4
kenosha,201710,171475,105,49,386,4
kenosha,201711,175200,103,51,343,4
kenosha,201712,179950,112,60,284,4
kenosha,201801,176750,104,64,248,4
kenosha,201802,169925,109,64,221,4
kenosha,201803,184900,111,38,210,4
kenosha,201804,194450,113,26,250,4
kenosha,201805,184925,111,29,275,4
kenosha,201806,184900,111,29,266,4
kenosha,201807,176450,121,28,284,4
kenosha,201808,189900,114,32,278,4
kenosha,201809,182500,118,36,279,4
kenosha,201810,192450,120,32,296,4
kenosha,201811,206525,123,33,279,4
kenosha,201812,201400,122,40,254,4
kenosha,201901,187950,122,46,238,4
kenosha,201902,189900,119,55,227,4
kenosha,201903,198493,123,38,248,4
kenosha,201904,205925,128,31,272,4
kenosha,201905,217400,125,27,287,4
kenosha,201906,244900,124,33,284,4
kenosha,201907,256475,120,30,327,4
kenosha,201908,259655,121,31,335,4
kenosha,201909,259286,124,33,334,4
kenosha,201910,244450,126,35,334,4
kenosha,201911,214900,127,42,330,4
kenosha,201912,229900,125,58,267,4
kenosha,202001,174900,125,66,236,4
kenosha,202002,213400,127,70,228,4
kenosha,202003,239900,126,34,259,4
kenosha,202004,235950,129,34,283,4
kenosha,202005,221900,132,39,272,4
kenosha,202006,174950,130,35,276,4
kenosha,202007,259975,134,31,302,4
kenosha,202008,244900,131,29,290,4
kenosha,202009,242400,136,30,294,4
kenosha,202010,214900,136,31,311,4
kenosha,202011,199900,137,38,291,4
kenosha,202012,197400,137,44,234,4
kenosha,202101,184900,142,50,178,4
kenosha,202102,220950,140,35,178,4
kenosha,202103,217400,139,27,159,4
kenosha,202104,213675,139,26,180,4
kenosha,202105,227400,143,22,214,4
kenosha,202106,238650,143,25,254,4
kenosha,202107,234900,144,26,276,4
kenosha,202108,242200,146,29,293,4
kenosha,202109,238875,149,30,282,4
kenosha,202110,242000,150,30,300,4
kenosha,202111,231900,151,37,281,4
kenosha,202112,224900,154,44,212,4
kenosha,202201,192400,155,61,156,4
kenosha,202202,234925,150,33,149,4
kenosha,202203,253675,165,24,154,4
kenosha,202204,279450,161,21,170,4
kenosha,202205,257450,158,23,202,4
kenosha,202206,269900,171,29,204,4
kenosha,202207,282400,161,25,214,4
kenosha,202208,272400,155,31,230,4
kenosha,202209,217450,169,34,226,4
kenosha,202210,249450,162,36,205,4
kenosha,202211,259900,166,36,212,4
kenosha,202212,279900,164,44,172,4
kenosha,202301,274900,172,60,125,4
kenosha,202302,258450,153,38,110,4
kenosha,202303,299900,170,31,119,4
kenosha,202304,319900,163,26,128,4
kenosha,202305,304900,160,28,124,4
kenosha,202306,276175,162,26,146,4
kenosha,202307,277400,162,28,154,4
kenosha,202308,299975,171,28,173,4
kenosha,202309,299500,167,32,170,4
kenosha,202310,295175,172,36,157,4
kenosha,202311,271150,174,34,157,4
kenosha,202312,294900,182,45,130,4
kenosha,202401,263675,178,43,108,4
kenosha,202402,270163,174,30,109,4
kenosha,202403,299900,173,24,124,4
kenosha,202404,299900,173,30,125,4
kenosha,202405,299975,174,23,142,4
kenosha,202406,315000,171,27,150,4
kenosha,202407,294900,178,27,152,4
kenosha,202408,344450,174,29,157,4
kenosha,202409,341038,184,31,174,4
kenosha,202410,319425,181,29,191,4
kenosha,202411,316900,179,37,168,4
kenosha,202412,289000,172,41,154,4
kenosha,202501,296500,177,45,134,4
kenosha,202502,278175,184,39,149,4
kenosha,202503,303950,188,30,128,4
kenosha,202504,352400,199,25,144,4
kenosha,202505,354950,198,24,164,4
kenosha,202506,340650,189,30,169,4
kenosha,202507,337425,187,31,158,4
kenosha,202508,349000,186,28,175,4
kenosha,202509,339950,193,31,172,4
kenosha,202510,349675,190,30,167,4
kenosha,202511,322000,194,32,148,4
kenosha,202512,323425,195,40,114,4
kenosha,202601,309450,188,45,99,4
kenosha,202602,288700,188,33,105,4
kenosha,202603,344950,207,24,115,4
kenosha,202604,339900,224,24,118,4
kenosha,202605,379900,197,23,135,4
kenosha,202606,377400,215,24,161,4
pleasant-prairie,201607,276450,121,55,90,1
pleasant-prairie,201608,294200,123,52,88,1
pleasant-prairie,201609,326950,124,53,87,1
pleasant-prairie,201610,304950,122,59,82,1
pleasant-prairie,201611,292100,124,62,74,1
pleasant-prairie,201612,295000,127,76,61,1
pleasant-prairie,201701,284250,120,89,52,1
pleasant-prairie,201702,273950,115,75,58,1
pleasant-prairie,201703,289500,118,52,68,1
pleasant-prairie,201704,273950,121,39,79,1
pleasant-prairie,201705,289575,126,41,77,1
pleasant-prairie,201706,322150,130,40,73,1
pleasant-prairie,201707,329900,130,39,79,1
pleasant-prairie,201708,329900,138,53,67,1
pleasant-prairie,201709,364700,141,48,58,1
pleasant-prairie,201710,330925,142,51,59,1
pleasant-prairie,201711,307450,143,54,49,1
pleasant-prairie,201712,292450,140,61,43,1
pleasant-prairie,201801,298750,138,51,42,1
pleasant-prairie,201802,344950,139,41,41,1
pleasant-prairie,201803,350827,157,36,50,1
pleasant-prairie,201804,359250,142,35,68,1
pleasant-prairie,201805,374100,142,39,75,1
pleasant-prairie,201806,383000,150,39,77,1
pleasant-prairie,201807,369900,144,41,92,1
pleasant-prairie,201808,363686,143,43,93,1
pleasant-prairie,201809,369900,147,47,73,1
pleasant-prairie,201810,359575,136,56,63,1
pleasant-prairie,201811,335000,136,44,63,1
pleasant-prairie,201812,299900,176,21,97,1
pleasant-prairie,201901,299900,177,39,91,1
pleasant-prairie,201902,299900,177,60,97,1
pleasant-prairie,201903,338471,169,27,60,1
pleasant-prairie,201904,394900,163,48,69,1
pleasant-prairie,201905,382400,156,40,79,1
pleasant-prairie,201906,375000,149,45,92,1
pleasant-prairie,201907,373450,152,48,95,1
pleasant-prairie,201908,373995,150,50,92,1
pleasant-prairie,201909,377064,147,51,88,1
pleasant-prairie,201910,379109,145,52,84,1
pleasant-prairie,201911,388444,153,50,78,1
pleasant-prairie,201912,374750,156,54,76,1
pleasant-prairie,202001,383675,163,71,68,1
pleasant-prairie,202002,389900,164,72,69,1
pleasant-prairie,202003,392400,151,49,74,1
pleasant-prairie,202004,383200,155,44,71,1
pleasant-prairie,202005,371700,161,51,72,1
pleasant-prairie,202006,358725,159,45,77,1
pleasant-prairie,202007,364275,154,39,85,1
pleasant-prairie,202008,369900,151,39,77,1
pleasant-prairie,202009,374925,157,41,64,1
pleasant-prairie,202010,379900,158,42,59,1
pleasant-prairie,202011,404450,168,61,50,1
pleasant-prairie,202012,372400,169,53,48,1
pleasant-prairie,202101,346250,170,39,39,1
pleasant-prairie,202102,339975,171,46,33,1
pleasant-prairie,202103,354900,166,36,37,1
pleasant-prairie,202104,389709,161,29,47,1
pleasant-prairie,202105,399900,165,29,53,1
pleasant-prairie,202106,399900,172,29,57,1
pleasant-prairie,202107,424900,170,29,69,1
pleasant-prairie,202108,403675,173,35,71,1
pleasant-prairie,202109,362425,170,41,69,1
pleasant-prairie,202110,375000,182,50,54,1
pleasant-prairie,202111,467450,195,38,53,1
pleasant-prairie,202112,467175,224,61,36,1
pleasant-prairie,202201,449000,231,80,32,1
pleasant-prairie,202202,399925,206,58,39,1
pleasant-prairie,202203,437500,209,27,51,1
pleasant-prairie,202204,429000,181,26,55,1
pleasant-prairie,202205,422400,195,29,57,1
pleasant-prairie,202206,488650,203,34,63,1
pleasant-prairie,202207,467400,182,36,71,1
pleasant-prairie,202208,441175,186,50,66,1
pleasant-prairie,202209,439900,182,60,52,1
pleasant-prairie,202210,469900,191,51,49,1
pleasant-prairie,202211,449925,204,46,52,1
pleasant-prairie,202212,430000,193,53,46,1
pleasant-prairie,202301,447425,218,76,33,1
pleasant-prairie,202302,442475,215,81,31,1
pleasant-prairie,202303,447450,207,43,28,1
pleasant-prairie,202304,419900,195,38,31,1
pleasant-prairie,202305,419900,185,29,30,1
pleasant-prairie,202306,374900,189,27,27,1
pleasant-prairie,202307,469900,199,22,39,1
pleasant-prairie,202308,428100,197,33,36,1
pleasant-prairie,202309,414900,198,31,36,1
pleasant-prairie,202310,439702,190,29,36,1
pleasant-prairie,202311,564925,200,46,30,1
pleasant-prairie,202312,542950,196,39,31,1
pleasant-prairie,202401,549925,228,42,25,1
pleasant-prairie,202402,523675,219,39,26,1
pleasant-prairie,202403,549900,227,35,31,1
pleasant-prairie,202404,537400,218,39,40,1
pleasant-prairie,202405,450000,210,36,45,1
pleasant-prairie,202406,449900,204,51,40,1
pleasant-prairie,202407,463650,205,30,37,1
pleasant-prairie,202408,449900,213,29,41,1
pleasant-prairie,202409,464900,205,31,49,1
pleasant-prairie,202410,479900,204,31,55,1
pleasant-prairie,202411,459900,214,36,53,1
pleasant-prairie,202412,469900,210,54,31,1
pleasant-prairie,202501,446150,204,41,25,1
pleasant-prairie,202502,481150,225,30,25,1
pleasant-prairie,202503,484900,220,30,24,1
pleasant-prairie,202504,502425,218,29,30,1
pleasant-prairie,202505,499900,218,32,33,1
pleasant-prairie,202506,549925,220,24,43,1
pleasant-prairie,202507,519900,228,34,44,1
pleasant-prairie,202508,492450,223,29,51,1
pleasant-prairie,202509,499900,217,37,47,1
pleasant-prairie,202510,517475,223,48,45,1
pleasant-prairie,202511,484900,230,36,45,1
pleasant-prairie,202512,512250,231,53,37,1
pleasant-prairie,202601,536400,249,45,29,1
pleasant-prairie,202602,561175,266,43,30,1
pleasant-prairie,202603,600700,261,42,34,1
pleasant-prairie,202604,525725,248,34,40,1
pleasant-prairie,202605,564900,237,24,50,1
pleasant-prairie,202606,559900,245,33,51,1
twin-lakes,201607,236950,122,68,87,1
twin-lakes,201608,255060,123,82,83,1
twin-lakes,201609,253300,119,96,75,1
twin-lakes,201610,269150,119,107,61,1
twin-lakes,201611,274950,121,78,50,1
twin-lakes,201612,279900,126,68,48,1
twin-lakes,201701,268675,126,73,52,1
twin-lakes,201702,252400,128,75,57,1
twin-lakes,201703,249900,132,65,61,1
twin-lakes,201704,262400,135,60,73,1
twin-lakes,201705,259900,132,67,76,1
twin-lakes,201706,249900,128,71,74,1
twin-lakes,201707,249500,128,68,75,1
twin-lakes,201708,259700,131,64,58,1
twin-lakes,201709,254500,134,64,67,1
twin-lakes,201710,259000,130,53,70,1
twin-lakes,201711,269650,132,71,58,1
twin-lakes,201712,269900,139,84,43,1
twin-lakes,201801,274000,146,99,39,1
twin-lakes,201802,289975,154,96,39,1
twin-lakes,201803,297000,153,46,48,1
twin-lakes,201804,295000,154,37,53,1
twin-lakes,201805,299900,150,37,61,1
twin-lakes,201806,284900,148,39,70,1
twin-lakes,201807,262425,141,50,79,1
twin-lakes,201808,246225,143,62,74,1
twin-lakes,201809,254950,143,73,75,1
twin-lakes,201810,261983,143,80,62,1
twin-lakes,201811,265925,143,76,49,1
twin-lakes,201812,264900,145,74,43,1
twin-lakes,201901,249700,148,71,35,1
twin-lakes,201902,261925,149,85,39,1
twin-lakes,201903,269100,151,62,43,1
twin-lakes,201904,279900,155,46,50,1
twin-lakes,201905,287150,168,36,67,1
twin-lakes,201906,299000,160,44,71,1
twin-lakes,201907,297000,161,50,77,1
twin-lakes,201908,294291,155,57,78,1
twin-lakes,201909,293227,151,65,76,1
twin-lakes,201910,292425,149,72,75,1
twin-lakes,201911,292450,148,78,65,1
twin-lakes,201912,295050,142,78,48,1
twin-lakes,202001,311150,141,79,39,1
twin-lakes,202002,299900,148,62,42,1
twin-lakes,202003,297400,157,42,49,1
twin-lakes,202004,289675,151,55,45,1
twin-lakes,202005,289450,155,60,46,1
twin-lakes,202006,303675,165,47,47,1
twin-lakes,202007,307450,157,48,41,1
twin-lakes,202008,324450,156,42,41,1
twin-lakes,202009,334450,156,40,44,1
twin-lakes,202010,311900,165,43,46,1
twin-lakes,202011,325925,171,39,41,1
twin-lakes,202012,325500,169,47,37,1
twin-lakes,202101,354900,173,66,29,1
twin-lakes,202102,362400,171,76,23,1
twin-lakes,202103,374400,171,42,24,1
twin-lakes,202104,376400,168,34,24,1
twin-lakes,202105,376400,169,41,28,1
twin-lakes,202106,380975,178,41,27,1
twin-lakes,202107,359000,178,31,36,1
twin-lakes,202108,364175,182,40,39,1
twin-lakes,202109,374500,174,32,47,1
twin-lakes,202110,374500,184,41,43,1
twin-lakes,202111,366675,188,41,41,1
twin-lakes,202112,335925,197,48,37,1
twin-lakes,202201,369900,200,73,31,1
twin-lakes,202202,420000,220,66,25,1
twin-lakes,202203,434425,218,63,24,1
twin-lakes,202204,425000,208,29,26,1
twin-lakes,202205,418725,205,30,29,1
twin-lakes,202206,425000,209,31,32,1
twin-lakes,202207,439900,203,29,37,1
twin-lakes,202208,426150,196,50,37,1
twin-lakes,202209,393450,201,42,36,1
twin-lakes,202210,398450,211,30,37,1
twin-lakes,202211,442425,215,56,30,1
twin-lakes,202212,455000,205,65,24,1
twin-lakes,202301,446250,203,61,21,1
twin-lakes,202302,414350,193,45,21,1
twin-lakes,202303,385625,189,41,17,1
twin-lakes,202304,388700,189,24,14,1
twin-lakes,202305,390950,204,23,19,1
twin-lakes,202306,420500,214,22,29,1
twin-lakes,202307,403950,213,29,35,1
twin-lakes,202308,403225,223,42,31,1
twin-lakes,202309,406000,214,39,30,1
twin-lakes,202310,418450,207,41,27,1
twin-lakes,202311,407288,199,53,22,1
twin-lakes,202312,399900,214,65,19,1
twin-lakes,202401,447400,192,78,19,1
twin-lakes,202402,494400,210,38,24,1
twin-lakes,202403,489900,227,44,21,1
twin-lakes,202404,484900,226,68,21,1
twin-lakes,202405,489450,230,42,30,1
twin-lakes,202406,477000,231,40,29,1
twin-lakes,202407,468875,237,37,26,1
twin-lakes,202408,465500,232,38,28,1
twin-lakes,202409,411100,238,33,24,1
twin-lakes,202410,361150,212,33,27,1
twin-lakes,202411,358900,207,36,22,1
twin-lakes,202412,399900,229,49,20,1
twin-lakes,202501,406975,204,62,13,1
twin-lakes,202502,421725,195,66,18,1
twin-lakes,202503,459450,198,42,19,1
twin-lakes,202504,435950,213,31,27,1
twin-lakes,202505,406950,218,23,34,1
twin-lakes,202506,399000,236,38,39,1
twin-lakes,202507,374900,238,41,33,1
twin-lakes,202508,375000,232,40,32,1
twin-lakes,202509,414900,232,41,36,1
twin-lakes,202510,414900,259,40,32,1
twin-lakes,202511,444900,240,32,27,1
twin-lakes,202512,439900,256,51,27,1
twin-lakes,202601,537900,273,72,22,1
twin-lakes,202602,474675,283,47,28,1
twin-lakes,202603,449000,282,48,27,1
twin-lakes,202604,444450,264,50,30,1
twin-lakes,202605,449000,259,35,35,1
twin-lakes,202606,427425,255,40,33,1
lake-geneva,201607,289000,138,87,386,1
lake-geneva,201608,289000,138,96,403,1
lake-geneva,201609,289000,138,96,387,1
lake-geneva,201610,285000,137,99,364,1
lake-geneva,201611,289675,138,110,327,1
lake-geneva,201612,285000,135,121,290,1
lake-geneva,201701,289450,138,124,261,1
lake-geneva,201702,310700,138,98,273,1
lake-geneva,201703,295750,140,79,286,1
lake-geneva,201704,289000,141,68,317,1
lake-geneva,201705,299475,144,57,347,1
lake-geneva,201706,313839,143,57,374,1
lake-geneva,201707,299500,144,70,347,1
lake-geneva,201708,299900,145,79,339,1
lake-geneva,201709,299900,147,92,317,1
lake-geneva,201710,299975,151,94,302,1
lake-geneva,201711,299900,151,99,289,1
lake-geneva,201712,299000,151,124,253,1
lake-geneva,201801,287950,151,115,216,1
lake-geneva,201802,312750,151,108,225,1
lake-geneva,201803,300000,153,74,258,1
lake-geneva,201804,300000,153,67,267,1
lake-geneva,201805,301995,153,65,296,1
lake-geneva,201806,299900,155,66,317,1
lake-geneva,201807,299000,157,76,322,1
lake-geneva,201808,299000,157,79,324,1
lake-geneva,201809,303990,158,79,325,1
lake-geneva,201810,301725,159,86,304,1
lake-geneva,201811,308968,159,92,272,1
lake-geneva,201812,308990,160,109,246,1
lake-geneva,201901,315970,164,122,211,1
lake-geneva,201902,328000,167,117,222,1
lake-geneva,201903,333000,167,101,235,1
lake-geneva,201904,337000,168,75,255,1
lake-geneva,201905,346175,170,61,265,1
lake-geneva,201906,339250,168,61,281,1
lake-geneva,201907,348200,168,64,285,1
lake-geneva,201908,343296,165,69,284,1
lake-geneva,201909,334816,162,70,289,1
lake-geneva,201910,326610,160,71,285,1
lake-geneva,201911,325000,163,78,233,1
lake-geneva,201912,327000,168,109,203,1
lake-geneva,202001,309740,166,116,184,1
lake-geneva,202002,325000,169,109,199,1
lake-geneva,202003,335081,170,69,210,1
lake-geneva,202004,338225,172,71,202,1
lake-geneva,202005,335000,172,79,211,1
lake-geneva,202006,370475,169,76,225,1
lake-geneva,202007,366000,169,55,211,1
lake-geneva,202008,349000,173,50,197,1
lake-geneva,202009,331000,174,45,210,1
lake-geneva,202010,327400,176,55,178,1
lake-geneva,202011,339150,177,63,155,1
lake-geneva,202012,319450,176,73,136,1
lake-geneva,202101,299000,176,79,126,1
lake-geneva,202102,325000,177,66,140,1
lake-geneva,202103,329000,183,55,133,1
lake-geneva,202104,335450,188,48,148,1
lake-geneva,202105,390950,200,48,150,1
lake-geneva,202106,375700,201,45,148,1
lake-geneva,202107,399900,210,44,158,1
lake-geneva,202108,399725,207,41,184,1
lake-geneva,202109,397475,203,56,180,1
lake-geneva,202110,419900,215,67,151,1
lake-geneva,202111,429250,215,55,119,1
lake-geneva,202112,427000,204,60,104,1
lake-geneva,202201,399000,205,70,85,1
lake-geneva,202202,397225,213,60,77,1
lake-geneva,202203,430725,216,29,81,1
lake-geneva,202204,450000,224,32,91,1
lake-geneva,202205,511600,230,36,97,1
lake-geneva,202206,539375,231,36,111,1
lake-geneva,202207,559000,231,44,119,1
lake-geneva,202208,558975,224,47,120,1
lake-geneva,202209,500450,220,50,127,1
lake-geneva,202210,505900,220,48,114,1
lake-geneva,202211,499450,237,55,106,1
lake-geneva,202212,550000,251,72,89,1
lake-geneva,202301,555575,257,92,72,1
lake-geneva,202302,555949,248,95,75,1
lake-geneva,202303,537450,248,42,92,1
lake-geneva,202304,574397,250,36,108,1
lake-geneva,202305,566050,251,40,126,1
lake-geneva,202306,570199,256,43,146,1
lake-geneva,202307,599000,257,53,138,1
lake-geneva,202308,550500,249,62,132,1
lake-geneva,202309,549000,260,44,144,1
lake-geneva,202310,542225,267,55,140,1
lake-geneva,202311,559350,283,66,126,1
lake-geneva,202312,568000,287,70,105,1
lake-geneva,202401,587074,287,79,95,1
lake-geneva,202402,598000,287,65,105,1
lake-geneva,202403,538200,274,38,149,1
lake-geneva,202404,506625,270,43,176,1
lake-geneva,202405,525000,273,61,179,1
lake-geneva,202406,512450,274,69,196,1
lake-geneva,202407,509182,273,54,168,1
lake-geneva,202408,517000,267,58,171,1
lake-geneva,202409,536625,271,55,164,1
lake-geneva,202410,580725,271,56,159,1
lake-geneva,202411,599900,270,63,149,1
lake-geneva,202412,665150,271,78,124,1
lake-geneva,202501,666400,271,80,124,1
lake-geneva,202502,669875,274,58,137,1
lake-geneva,202503,632250,276,59,144,1
lake-geneva,202504,630300,275,62,146,1
lake-geneva,202505,615000,280,50,168,1
lake-geneva,202506,562625,280,43,179,1
lake-geneva,202507,599603,283,52,169,1
lake-geneva,202508,592600,290,59,159,1
lake-geneva,202509,574950,296,58,169,1
lake-geneva,202510,634150,290,58,150,1
lake-geneva,202511,669250,288,64,124,1
lake-geneva,202512,660000,284,76,115,1
lake-geneva,202601,660000,289,87,100,1
lake-geneva,202602,624900,279,80,107,1
lake-geneva,202603,599728,279,43,141,1
lake-geneva,202604,592750,279,45,150,1
lake-geneva,202605,589450,284,57,167,1
lake-geneva,202606,590500,289,60,162,1
elkhorn,201607,239900,129,63,207,1
elkhorn,201608,239900,131,72,212,1
elkhorn,201609,246725,136,86,204,1
elkhorn,201610,249000,142,95,175,1
elkhorn,201611,247475,144,114,147,1
elkhorn,201612,245000,144,118,135,1
elkhorn,201701,243724,144,116,114,1
elkhorn,201702,249900,148,119,117,1
elkhorn,201703,244475,147,81,128,1
elkhorn,201704,239900,145,52,142,1
elkhorn,201705,240700,136,54,137,1
elkhorn,201706,261150,143,54,140,1
elkhorn,201707,275000,144,66,146,1
elkhorn,201708,265700,144,64,161,1
elkhorn,201709,267000,146,68,160,1
elkhorn,201710,257425,142,71,152,1
elkhorn,201711,249900,143,80,154,1
elkhorn,201712,249000,147,92,123,1
elkhorn,201801,253650,150,119,104,1
elkhorn,201802,257400,155,112,113,1
elkhorn,201803,264900,156,74,118,1
elkhorn,201804,288175,163,53,119,1
elkhorn,201805,299800,163,52,127,1
elkhorn,201806,299000,162,53,132,1
elkhorn,201807,279000,152,57,133,1
elkhorn,201808,279675,149,65,126,1
elkhorn,201809,293200,146,77,112,1
elkhorn,201810,284000,142,72,113,1
elkhorn,201811,286950,154,68,111,1
elkhorn,201812,286900,151,78,99,1
elkhorn,201901,289675,155,95,94,1
elkhorn,201902,280700,155,95,99,1
elkhorn,201903,279000,157,65,111,1
elkhorn,201904,302000,166,63,124,1
elkhorn,201905,307200,168,62,121,1
elkhorn,201906,284500,155,54,122,1
elkhorn,201907,279975,159,44,136,1
elkhorn,201908,279008,159,49,139,1
elkhorn,201909,278344,155,57,131,1
elkhorn,201910,277828,153,63,124,1
elkhorn,201911,269000,155,71,113,1
elkhorn,201912,307175,166,77,90,1
elkhorn,202001,308675,159,88,78,1
elkhorn,202002,305000,162,90,83,1
elkhorn,202003,292175,163,45,93,1
elkhorn,202004,299675,164,57,99,1
elkhorn,202005,299000,163,64,100,1
elkhorn,202006,299900,163,67,92,1
elkhorn,202007,329675,159,45,106,1
elkhorn,202008,334900,157,45,102,1
elkhorn,202009,336950,152,44,106,1
elkhorn,202010,314900,163,45,101,1
elkhorn,202011,315950,172,52,84,1
elkhorn,202012,321200,177,68,68,1
elkhorn,202101,325000,185,86,56,1
elkhorn,202102,330400,193,86,45,1
elkhorn,202103,311200,181,62,44,1
elkhorn,202104,294900,175,35,42,1
elkhorn,202105,319900,167,29,48,1
elkhorn,202106,324500,179,24,76,1
elkhorn,202107,320000,175,31,72,1
elkhorn,202108,346400,176,39,67,1
elkhorn,202109,345400,174,36,69,1
elkhorn,202110,334950,173,51,61,1
elkhorn,202111,330000,174,50,56,1
elkhorn,202112,309950,176,74,44,1
elkhorn,202201,299999,183,94,28,1
elkhorn,202202,375950,209,30,27,1
elkhorn,202203,354900,193,34,30,1
elkhorn,202204,339900,210,31,35,1
elkhorn,202205,343175,211,28,34,1
elkhorn,202206,372450,214,31,43,1
elkhorn,202207,349900,186,31,49,1
elkhorn,202208,362450,189,30,50,1
elkhorn,202209,385000,193,43,55,1
elkhorn,202210,354850,192,46,55,1
elkhorn,202211,325000,188,44,52,1
elkhorn,202212,327500,196,52,39,1
elkhorn,202301,324925,197,68,34,1
elkhorn,202302,322500,205,70,34,1
elkhorn,202303,349900,215,33,37,1
elkhorn,202304,375000,220,31,35,1
elkhorn,202305,410700,226,34,33,1
elkhorn,202306,398750,213,27,44,1
elkhorn,202307,429900,211,36,56,1
elkhorn,202308,426225,205,38,54,1
elkhorn,202309,429900,232,44,48,1
elkhorn,202310,440975,231,37,44,1
elkhorn,202311,415000,216,36,51,1
elkhorn,202312,397350,198,57,39,1
elkhorn,202401,407450,223,79,34,1
elkhorn,202402,439150,234,54,42,1
elkhorn,202403,430000,226,37,36,1
elkhorn,202404,404450,227,35,34,1
elkhorn,202405,404900,228,28,47,1
elkhorn,202406,426000,242,32,55,1
elkhorn,202407,443675,231,41,59,1
elkhorn,202408,464950,221,50,52,1
elkhorn,202409,436838,239,37,53,1
elkhorn,202410,435725,241,46,48,1
elkhorn,202411,414000,238,59,42,1
elkhorn,202412,424750,237,50,28,1
elkhorn,202501,412425,230,54,30,1
elkhorn,202502,416550,222,48,31,1
elkhorn,202503,424900,221,37,44,1
elkhorn,202504,414950,232,38,50,1
elkhorn,202505,439900,237,39,50,1
elkhorn,202506,449000,225,45,55,1
elkhorn,202507,426150,220,40,65,1
elkhorn,202508,429950,236,37,67,1
elkhorn,202509,425000,256,42,72,1
elkhorn,202510,418175,253,47,70,1
elkhorn,202511,418500,258,52,61,1
elkhorn,202512,421725,256,69,47,1
elkhorn,202601,434800,256,87,36,1
elkhorn,202602,519000,262,78,32,1
elkhorn,202603,613725,272,38,37,1
elkhorn,202604,459625,256,36,45,1
elkhorn,202605,434450,248,37,49,1
elkhorn,202606,435000,251,37,57,1
delavan,201607,197000,130,79,198,1
delavan,201608,197200,136,92,193,1
delavan,201609,199600,135,101,178,1
delavan,201610,192500,131,101,159,1
delavan,201611,189475,132,89,141,1
delavan,201612,199500,132,106,124,1
delavan,201701,189900,136,106,110,1
delavan,201702,187450,132,89,121,1
delavan,201703,189900,132,66,130,1
delavan,201704,199000,140,60,146,1
delavan,201705,199000,142,64,161,1
delavan,201706,209900,145,62,165,1
delavan,201707,209000,141,67,170,1
delavan,201708,199000,136,75,161,1
delavan,201709,201950,134,89,153,1
delavan,201710,200975,132,95,145,1
delavan,201711,203950,129,110,127,1
delavan,201712,199450,132,114,117,1
delavan,201801,206000,139,113,99,1
delavan,201802,206175,144,102,109,1
delavan,201803,199900,140,69,120,1
delavan,201804,187000,131,60,133,1
delavan,201805,190550,137,60,135,1
delavan,201806,199999,140,68,145,1
delavan,201807,210750,139,69,144,1
delavan,201808,220150,136,69,151,1
delavan,201809,220450,143,68,146,1
delavan,201810,219900,145,72,135,1
delavan,201811,204900,144,79,119,1
delavan,201812,217450,143,102,99,1
delavan,201901,212425,140,107,95,1
delavan,201902,228000,142,86,89,1
delavan,201903,229386,144,63,97,1
delavan,201904,234675,149,53,103,1
delavan,201905,237000,161,59,100,1
delavan,201906,237450,158,65,104,1
delavan,201907,232900,158,49,101,1
delavan,201908,236264,159,53,104,1
delavan,201909,238309,157,60,106,1
delavan,201910,237223,152,62,107,1
delavan,201911,224950,146,63,101,1
delavan,201912,227000,145,76,82,1
delavan,202001,228975,151,85,73,1
delavan,202002,239000,160,88,80,1
delavan,202003,236750,154,62,94,1
delavan,202004,225950,150,70,87,1
delavan,202005,215000,142,82,86,1
delavan,202006,223975,143,62,89,1
delavan,202007,234625,149,42,100,1
delavan,202008,220000,150,43,98,1
delavan,202009,218975,146,45,94,1
delavan,202010,227950,144,46,94,1
delavan,202011,232450,145,54,81,1
delavan,202012,224975,145,70,65,1
delavan,202101,224900,154,86,56,1
delavan,202102,218675,154,86,54,1
delavan,202103,192725,153,60,56,1
delavan,202104,234450,153,53,56,1
delavan,202105,239900,148,26,73,1
delavan,202106,249900,148,34,85,1
delavan,202107,244450,157,38,87,1
delavan,202108,229450,168,45,86,1
delavan,202109,254450,180,45,88,1
delavan,202110,244900,170,52,82,1
delavan,202111,243700,171,55,76,1
delavan,202112,238175,176,65,55,1
delavan,202201,229950,172,71,41,1
delavan,202202,238225,174,63,43,1
delavan,202203,250000,180,53,33,1
delavan,202204,243900,176,24,52,1
delavan,202205,249900,180,33,58,1
delavan,202206,320975,182,40,56,1
delavan,202207,337000,200,33,62,1
delavan,202208,312975,187,40,76,1
delavan,202209,314725,193,49,69,1
delavan,202210,329000,199,37,71,1
delavan,202211,287225,189,39,71,1
delavan,202212,277500,183,52,56,1
delavan,202301,296975,192,70,42,1
delavan,202302,329000,198,72,42,1
delavan,202303,322000,213,42,44,1
delavan,202304,325000,215,42,48,1
delavan,202305,327000,218,39,54,1
delavan,202306,316000,230,33,64,1
delavan,202307,324900,231,44,72,1
delavan,202308,349975,227,46,72,1
delavan,202309,348950,231,60,68,1
delavan,202310,357445,228,57,59,1
delavan,202311,358198,235,47,61,1
delavan,202312,359890,234,68,56,1
delavan,202401,369950,243,54,56,1
delavan,202402,376742,249,58,60,1
delavan,202403,376742,241,57,59,1
delavan,202404,374995,241,54,59,1
delavan,202405,372450,241,47,63,1
delavan,202406,371150,243,47,65,1
delavan,202407,365000,243,57,64,1
delavan,202408,365000,240,45,86,1
delavan,202409,363750,243,47,96,1
delavan,202410,362500,235,58,100,1
delavan,202411,360000,232,68,86,1
delavan,202412,388175,238,80,81,1
delavan,202501,389623,233,83,76,1
delavan,202502,394900,234,82,77,1
delavan,202503,400000,234,58,74,1
delavan,202504,394790,244,40,87,1
delavan,202505,399150,238,43,84,1
delavan,202506,399525,240,47,83,1
delavan,202507,404900,240,51,91,1
delavan,202508,432445,237,52,85,1
delavan,202509,416002,235,51,86,1
delavan,202510,399675,235,47,84,1
delavan,202511,399900,230,59,79,1
delavan,202512,403675,239,74,72,1
delavan,202601,417000,241,93,59,1
delavan,202602,378750,251,76,62,1
delavan,202603,385000,258,44,64,1
delavan,202604,399950,254,40,73,1
delavan,202605,427500,256,43,75,1
delavan,202606,437500,261,40,82,1
whitewater,201607,201000,104,66,117,1
whitewater,201608,215100,103,84,93,1
whitewater,201609,221975,109,96,91,1
whitewater,201610,229900,110,101,81,1
whitewater,201611,229900,109,103,83,1
whitewater,201612,229900,111,106,72,1
whitewater,201701,223700,110,106,60,1
whitewater,201702,213450,110,91,64,1
whitewater,201703,224900,107,71,65,1
whitewater,201704,225500,109,82,70,1
whitewater,201705,228625,114,58,80,1
whitewater,201706,224000,113,43,82,1
whitewater,201707,229500,115,53,87,1
whitewater,201708,244800,114,63,83,1
whitewater,201709,262450,124,65,77,1
whitewater,201710,261150,122,64,71,1
whitewater,201711,248650,120,83,57,1
whitewater,201712,244450,120,103,51,1
whitewater,201801,281175,130,121,43,1
whitewater,201802,299225,135,91,42,1
whitewater,201803,287250,132,48,46,1
whitewater,201804,285450,133,50,51,1
whitewater,201805,257450,121,44,57,1
whitewater,201806,249950,120,47,67,1
whitewater,201807,225700,118,49,74,1
whitewater,201808,226950,120,51,75,1
whitewater,201809,229000,125,64,82,1
whitewater,201810,231150,128,77,80,1
whitewater,201811,239000,132,89,66,1
whitewater,201812,239900,133,113,54,1
whitewater,201901,239900,139,126,39,1
whitewater,201902,236450,139,122,40,1
whitewater,201903,244186,134,85,49,1
whitewater,201904,254675,129,37,64,1
whitewater,201905,267400,123,39,70,1
whitewater,201906,249900,121,54,73,1
whitewater,201907,264450,121,60,66,1
whitewater,201908,249900,121,67,66,1
whitewater,201909,249900,120,71,66,1
whitewater,201910,249900,118,74,64,1
whitewater,201911,249900,125,81,52,1
whitewater,201912,252400,123,100,46,1
whitewater,202001,255000,125,116,45,1
whitewater,202002,247400,119,101,48,1
whitewater,202003,237675,115,63,45,1
whitewater,202004,243500,111,69,44,1
whitewater,202005,250000,117,52,43,1
whitewater,202006,259900,138,47,41,1
whitewater,202007,299900,130,55,39,1
whitewater,202008,239900,123,45,48,1
whitewater,202009,222450,119,52,47,1
whitewater,202010,199900,127,38,39,1
whitewater,202011,194900,111,45,36,1
whitewater,202012,197400,115,60,30,1
whitewater,202101,203950,118,73,23,1
whitewater,202102,202655,117,33,30,1
whitewater,202103,199900,132,34,32,1
whitewater,202104,241675,135,51,32,1
whitewater,202105,259500,132,36,39,1
whitewater,202106,259500,127,41,38,1
whitewater,202107,264700,132,43,33,1
whitewater,202108,294875,137,37,38,1
whitewater,202109,312450,147,40,37,1
whitewater,202110,319900,155,44,30,1
whitewater,202111,282450,149,45,26,1
whitewater,202112,223400,136,37,22,1
whitewater,202201,239900,137,60,15,1
whitewater,202202,249900,140,56,14,1
whitewater,202203,259900,158,36,14,1
whitewater,202204,274900,159,28,21,1
whitewater,202205,292400,153,26,25,1
whitewater,202206,333425,151,30,24,1
whitewater,202207,284950,148,31,39,1
whitewater,202208,292250,148,43,39,1
whitewater,202209,318650,146,47,33,1
whitewater,202210,307400,145,44,27,1
whitewater,202211,339900,151,58,23,1
whitewater,202212,349900,148,59,23,1
whitewater,202301,309900,150,62,25,1
whitewater,202302,309900,144,88,17,1
whitewater,202303,308675,146,52,19,1
whitewater,202304,374900,154,43,19,1
whitewater,202305,369925,188,42,20,1
whitewater,202306,325000,189,22,19,1
whitewater,202307,315000,192,30,21,1
whitewater,202308,299900,198,39,20,1
whitewater,202309,375000,203,34,21,1
whitewater,202310,367425,195,33,30,1
whitewater,202311,379900,219,41,27,1
whitewater,202312,427400,202,68,16,1
whitewater,202401,342400,176,39,16,1
whitewater,202402,339900,177,37,18,1
whitewater,202403,305000,185,57,16,1
whitewater,202404,327450,186,36,20,1
whitewater,202405,374334,224,20,24,1
whitewater,202406,355000,221,36,34,1
whitewater,202407,343335,220,52,33,1
whitewater,202408,343182,217,53,40,1
whitewater,202409,348440,215,43,40,1
whitewater,202410,342255,206,47,39,1
whitewater,202411,335000,193,56,27,1
whitewater,202412,335366,199,70,21,1
whitewater,202501,332500,216,43,16,1
whitewater,202502,332500,215,29,14,1
whitewater,202503,371650,184,29,17,1
whitewater,202504,379900,212,27,27,1
whitewater,202505,397250,214,32,32,1
whitewater,202506,421175,214,34,41,1
whitewater,202507,396200,222,48,39,1
whitewater,202508,369900,222,38,40,1
whitewater,202509,376937,224,37,45,1
whitewater,202510,382475,219,42,48,1
whitewater,202511,372400,213,53,37,1
whitewater,202512,351750,216,58,32,1
whitewater,202601,354500,211,63,25,1
whitewater,202602,357423,216,46,27,1
whitewater,202603,383213,235,39,27,1
whitewater,202604,398448,248,43,21,1
whitewater,202605,397450,247,37,25,1
whitewater,202606,393700,229,35,27,1
east-troy,201607,334900,158,58,75,1
east-troy,201608,330000,159,67,79,1
east-troy,201609,321900,159,67,73,1
east-troy,201610,315900,158,79,68,1
east-troy,201611,316850,158,104,64,1
east-troy,201612,319300,156,114,52,1
east-troy,201701,316225,155,117,44,1
east-troy,201702,288725,155,84,45,1
east-troy,201703,289950,145,57,56,1
east-troy,201704,309900,155,52,57,1
east-troy,201705,328175,170,68,58,1
east-troy,201706,338925,169,68,59,1
east-troy,201707,324899,160,65,63,1
east-troy,201708,319400,153,60,65,1
east-troy,201709,325900,157,68,71,1
east-troy,201710,325225,164,89,67,1
east-troy,201711,322700,163,98,47,1
east-troy,201712,330400,163,119,42,1
east-troy,201801,319875,158,99,35,1
east-troy,201802,266200,156,71,38,1
east-troy,201803,274900,153,36,42,1
east-troy,201804,317400,155,39,51,1
east-troy,201805,337950,171,41,55,1
east-troy,201806,345000,170,45,58,1
east-troy,201807,332925,170,50,55,1
east-troy,201808,348900,177,64,48,1
east-troy,201809,375000,183,50,43,1
east-troy,201810,375000,180,58,38,1
east-troy,201811,360500,170,57,38,1
east-troy,201812,333400,168,43,37,1
east-troy,201901,331900,169,54,39,1
east-troy,201902,329725,171,69,40,1
east-troy,201903,341171,189,66,46,1
east-troy,201904,403700,192,52,51,1
east-troy,201905,414400,186,45,52,1
east-troy,201906,367900,179,50,52,1
east-troy,201907,338900,171,41,56,1
east-troy,201908,348745,169,41,57,1
east-troy,201909,347764,162,47,58,1
east-troy,201910,347000,157,51,59,1
east-troy,201911,343450,154,58,49,1
east-troy,201912,363650,151,64,30,1
east-troy,202001,372650,161,66,26,1
east-troy,202002,383900,169,71,29,1
east-troy,202003,398400,188,54,31,1
east-troy,202004,414900,187,64,29,1
east-troy,202005,379900,178,39,40,1
east-troy,202006,380400,178,42,43,1
east-troy,202007,385400,179,55,42,1
east-troy,202008,383900,170,49,40,1
east-troy,202009,405900,188,44,33,1
east-troy,202010,394900,191,51,28,1
east-troy,202011,395400,207,53,23,1
east-troy,202012,403650,206,53,15,1
east-troy,202101,334900,184,23,13,1
east-troy,202102,243150,186,38,13,1
east-troy,202103,411650,179,36,9,1
east-troy,202104,348350,182,18,13,1
east-troy,202105,340000,178,18,22,1
east-troy,202106,374925,192,26,25,1
east-troy,202107,397400,196,31,28,1
east-troy,202108,399900,215,30,37,1
east-troy,202109,434750,230,46,32,1
east-troy,202110,450000,236,62,26,1
east-troy,202111,451950,227,47,28,1
east-troy,202112,454675,233,74,25,1
east-troy,202201,472900,244,92,22,1
east-troy,202202,500650,276,24,22,1
east-troy,202203,501400,288,36,23,1
east-troy,202204,494400,248,32,32,1
east-troy,202205,464450,241,44,32,1
east-troy,202206,434725,236,40,29,1
east-troy,202207,442450,254,40,21,1
east-troy,202208,409900,260,29,26,1
east-troy,202209,432148,257,44,27,1
east-troy,202210,506900,261,42,28,1
east-troy,202211,511650,265,41,27,1
east-troy,202212,513400,262,72,22,1
east-troy,202301,511900,257,99,20,1
east-troy,202302,511900,262,90,22,1
east-troy,202303,517900,277,50,24,1
east-troy,202304,534400,300,56,22,1
east-troy,202305,534150,304,71,19,1
east-troy,202306,538900,305,41,21,1
east-troy,202307,539400,272,36,23,1
east-troy,202308,535973,262,26,29,1
east-troy,202309,535450,263,37,32,1
east-troy,202310,516723,260,50,28,1
east-troy,202311,502650,254,59,23,1
east-troy,202312,505900,271,54,25,1
east-troy,202401,522618,291,61,24,1
east-troy,202402,528795,291,75,24,1
east-troy,202403,527190,267,33,24,1
east-troy,202404,527118,263,57,26,1
east-troy,202405,535545,265,68,25,1
east-troy,202406,525400,263,37,29,1
east-troy,202407,506950,257,43,31,1
east-troy,202408,527190,263,61,27,1
east-troy,202409,537438,271,41,34,1
east-troy,202410,538175,274,51,32,1
east-troy,202411,523900,263,66,28,1
east-troy,202412,522900,263,60,28,1
east-troy,202501,538900,276,52,26,1
east-troy,202502,544400,288,65,26,1
east-troy,202503,538900,271,64,32,1
east-troy,202504,549900,269,41,34,1
east-troy,202505,561900,284,36,28,1
east-troy,202506,570900,271,32,30,1
east-troy,202507,575900,281,42,36,1
east-troy,202508,578900,283,43,35,1
east-troy,202509,611175,287,35,40,1
east-troy,202510,606000,278,40,41,1
east-troy,202511,737450,279,51,29,1
east-troy,202512,739850,279,64,24,1
east-troy,202601,550450,293,87,20,1
east-troy,202602,549475,293,42,19,1
east-troy,202603,555425,280,51,20,1
east-troy,202604,473500,268,40,19,1
east-troy,202605,531900,278,33,28,1
east-troy,202606,527650,293,40,28,1
watertown,201607,140000,92,66,157,2
watertown,201608,155000,92,73,153,2
watertown,201609,163700,92,69,149,2
watertown,201610,169500,94,66,133,2
watertown,201611,151450,96,63,116,2
watertown,201612,149900,99,70,110,2
watertown,201701,151900,99,85,102,2
watertown,201702,148650,99,79,111,2
watertown,201703,145675,97,65,116,2
watertown,201704,147450,97,48,105,2
watertown,201705,144950,99,37,106,2
watertown,201706,144900,99,39,122,2
watertown,201707,156000,102,42,132,2
watertown,201708,150300,96,43,124,2
watertown,201709,159900,99,48,112,2
watertown,201710,171550,99,54,104,2
watertown,201711,163700,98,65,91,2
watertown,201712,154900,102,62,79,2
watertown,201801,155450,107,84,71,2
watertown,201802,185950,106,54,81,2
watertown,201803,196000,106,44,92,2
watertown,201804,192925,106,48,102,2
watertown,201805,207450,109,45,99,2
watertown,201806,194900,115,35,90,2
watertown,201807,185900,104,31,91,2
watertown,201808,213650,106,38,97,2
watertown,201809,209900,102,43,99,2
watertown,201810,183675,101,53,102,2
watertown,201811,170300,98,63,91,2
watertown,201812,162250,99,62,88,2
watertown,201901,191175,105,68,81,2
watertown,201902,165950,105,65,78,2
watertown,201903,185207,108,55,78,2
watertown,201904,214475,113,47,83,2
watertown,201905,192400,112,35,85,2
watertown,201906,194900,111,43,86,2
watertown,201907,184950,109,34,113,2
watertown,201908,185355,109,38,113,2
watertown,201909,193536,109,43,111,2
watertown,201910,201150,109,47,107,2
watertown,201911,189900,116,50,102,2
watertown,201912,183650,114,65,85,2
watertown,202001,179900,112,83,74,2
watertown,202002,189900,121,68,81,2
watertown,202003,224250,122,50,87,2
watertown,202004,250400,121,51,81,2
watertown,202005,247400,121,49,78,2
watertown,202006,242400,126,43,88,2
watertown,202007,254925,133,37,86,2
watertown,202008,246200,132,30,84,2
watertown,202009,253050,130,37,74,2
watertown,202010,262500,139,53,69,2
watertown,202011,254975,149,44,71,2
watertown,202012,271225,142,51,68,2
watertown,202101,279900,146,42,51,2
watertown,202102,279900,149,40,44,2
watertown,202103,279900,153,31,51,2
watertown,202104,237500,143,25,63,2
watertown,202105,245000,136,33,60,2
watertown,202106,243725,140,31,74,2
watertown,202107,235000,140,32,72,2
watertown,202108,213700,138,40,72,2
watertown,202109,199900,133,32,69,2
watertown,202110,204950,134,31,73,2
watertown,202111,199900,138,47,62,2
watertown,202112,218725,138,41,44,2
watertown,202201,224900,137,46,31,2
watertown,202202,263200,144,37,28,2
watertown,202203,266150,160,12,32,2
watertown,202204,279900,160,23,50,2
watertown,202205,297400,152,26,59,2
watertown,202206,324300,176,32,54,2
watertown,202207,299900,168,23,60,2
watertown,202208,289900,166,35,71,2
watertown,202209,287425,167,47,61,2
watertown,202210,289900,165,56,51,2
watertown,202211,251225,161,40,51,2
watertown,202212,299500,163,46,35,2
watertown,202301,326500,175,69,33,2
watertown,202302,307875,186,35,32,2
watertown,202303,323650,186,55,31,2
watertown,202304,339200,193,26,34,2
watertown,202305,334550,187,31,27,2
watertown,202306,321225,167,20,42,2
watertown,202307,289950,162,34,49,2
watertown,202308,289925,158,30,47,2
watertown,202309,298000,157,33,45,2
watertown,202310,298875,154,31,42,2
watertown,202311,325000,181,36,38,2
watertown,202312,292950,163,29,40,2
watertown,202401,291150,175,47,24,2
watertown,202402,339450,175,56,23,2
watertown,202403,327450,180,16,31,2
watertown,202404,344900,207,26,35,2
watertown,202405,349950,188,30,45,2
watertown,202406,364900,188,44,42,2
watertown,202407,349975,180,40,40,2
watertown,202408,344900,208,38,37,2
watertown,202409,329900,194,26,48,2
watertown,202410,314900,184,26,57,2
watertown,202411,286900,177,33,53,2
watertown,202412,309900,187,39,43,2
watertown,202501,323675,199,37,33,2
watertown,202502,309900,215,24,35,2
watertown,202503,324950,220,44,34,2
watertown,202504,369900,219,33,46,2
watertown,202505,369900,226,46,53,2
watertown,202506,382400,255,49,51,2
watertown,202507,394900,272,25,50,2
watertown,202508,394900,272,53,52,2
watertown,202509,394900,258,44,68,2
watertown,202510,391150,236,46,75,2
watertown,202511,379900,238,53,75,2
watertown,202512,390850,246,59,69,2
watertown,202601,397400,247,27,62,2
watertown,202602,394950,247,45,55,2
watertown,202603,398700,254,67,57,2
watertown,202604,396475,248,48,63,2
watertown,202605,394900,221,29,70,2
watertown,202606,385000,242,41,86,2
fort-atkinson,201607,213950,112,73,155,1
fort-atkinson,201608,216100,114,65,162,1
fort-atkinson,201609,219850,115,64,163,1
fort-atkinson,201610,210000,114,73,155,1
fort-atkinson,201611,210000,114,92,152,1
fort-atkinson,201612,225000,116,107,129,1
fort-atkinson,201701,240000,124,117,115,1
fort-atkinson,201702,240000,123,117,116,1
fort-atkinson,201703,245000,125,73,122,1
fort-atkinson,201704,245000,125,78,122,1
fort-atkinson,201705,244975,131,52,122,1
fort-atkinson,201706,245000,133,46,128,1
fort-atkinson,201707,247450,130,49,118,1
fort-atkinson,201708,249725,127,56,117,1
fort-atkinson,201709,250000,134,71,110,1
fort-atkinson,201710,250000,136,73,103,1
fort-atkinson,201711,250000,128,81,102,1
fort-atkinson,201712,255000,133,93,92,1
fort-atkinson,201801,255000,136,102,86,1
fort-atkinson,201802,263750,138,102,85,1
fort-atkinson,201803,269900,142,87,89,1
fort-atkinson,201804,265000,144,94,93,1
fort-atkinson,201805,265000,141,64,103,1
fort-atkinson,201806,265000,144,52,106,1
fort-atkinson,201807,265000,142,50,112,1
fort-atkinson,201808,250000,137,55,119,1
fort-atkinson,201809,255000,135,57,112,1
fort-atkinson,201810,265000,143,76,100,1
fort-atkinson,201811,265000,147,76,99,1
fort-atkinson,201812,260000,152,80,91,1
fort-atkinson,201901,265000,164,86,83,1
fort-atkinson,201902,265000,167,91,77,1
fort-atkinson,201903,268000,158,67,83,1
fort-atkinson,201904,270000,159,79,98,1
fort-atkinson,201905,280000,159,54,90,1
fort-atkinson,201906,280000,144,47,94,1
fort-atkinson,201907,265750,149,43,100,1
fort-atkinson,201908,265668,148,55,100,1
fort-atkinson,201909,266670,145,70,96,1
fort-atkinson,201910,268700,143,84,90,1
fort-atkinson,201911,260000,145,95,82,1
fort-atkinson,201912,265000,144,96,72,1
fort-atkinson,202001,266225,165,84,64,1
fort-atkinson,202002,270000,170,47,74,1
fort-atkinson,202003,270000,171,50,78,1
fort-atkinson,202004,270000,168,72,74,1
fort-atkinson,202005,269000,155,67,75,1
fort-atkinson,202006,269000,151,41,80,1
fort-atkinson,202007,268250,160,49,73,1
fort-atkinson,202008,270000,161,44,70,1
fort-atkinson,202009,265000,149,33,72,1
fort-atkinson,202010,265000,147,50,67,1
fort-atkinson,202011,265000,144,48,57,1
fort-atkinson,202012,267500,168,47,52,1
fort-atkinson,202101,265000,158,65,28,1
fort-atkinson,202102,265000,163,62,29,1
fort-atkinson,202103,335000,156,38,33,1
fort-atkinson,202104,271150,150,29,42,1
fort-atkinson,202105,335000,159,33,37,1
fort-atkinson,202106,335000,161,33,41,1
fort-atkinson,202107,285000,153,35,46,1
fort-atkinson,202108,289000,153,34,53,1
fort-atkinson,202109,293700,151,39,59,1
fort-atkinson,202110,310000,165,37,54,1
fort-atkinson,202111,285000,159,43,54,1
fort-atkinson,202112,266950,168,65,43,1
fort-atkinson,202201,310000,171,87,36,1
fort-atkinson,202202,326200,167,91,29,1
fort-atkinson,202203,335000,170,78,25,1
fort-atkinson,202204,282000,166,42,20,1
fort-atkinson,202205,331225,165,23,27,1
fort-atkinson,202206,319900,166,24,32,1
fort-atkinson,202207,322450,161,26,36,1
fort-atkinson,202208,292475,161,33,37,1
fort-atkinson,202209,305725,164,27,35,1
fort-atkinson,202210,317500,162,29,43,1
fort-atkinson,202211,303500,141,44,41,1
fort-atkinson,202212,287000,151,52,31,1
fort-atkinson,202301,299000,160,62,30,1
fort-atkinson,202302,310925,177,67,27,1
fort-atkinson,202303,350000,182,40,27,1
fort-atkinson,202304,365000,177,34,27,1
fort-atkinson,202305,365000,183,35,30,1
fort-atkinson,202306,346500,175,33,36,1
fort-atkinson,202307,339000,175,38,39,1
fort-atkinson,202308,340700,173,39,36,1
fort-atkinson,202309,340000,171,40,36,1
fort-atkinson,202310,346175,174,42,38,1
fort-atkinson,202311,331175,164,44,42,1
fort-atkinson,202312,334999,156,59,33,1
fort-atkinson,202401,367000,166,58,29,1
fort-atkinson,202402,324500,173,41,29,1
fort-atkinson,202403,342400,190,36,31,1
fort-atkinson,202404,348725,210,39,28,1
fort-atkinson,202405,387000,211,43,28,1
fort-atkinson,202406,379900,194,37,28,1
fort-atkinson,202407,369900,202,36,30,1
fort-atkinson,202408,386450,199,53,32,1
fort-atkinson,202409,378688,193,37,36,1
fort-atkinson,202410,357450,184,34,38,1
fort-atkinson,202411,355000,185,52,35,1
fort-atkinson,202412,329950,183,43,25,1
fort-atkinson,202501,351475,188,43,23,1
fort-atkinson,202502,349900,199,59,25,1
fort-atkinson,202503,359900,199,51,20,1
fort-atkinson,202504,391200,208,39,27,1
fort-atkinson,202505,396500,201,42,26,1
fort-atkinson,202506,379500,205,40,27,1
fort-atkinson,202507,369500,193,36,32,1
fort-atkinson,202508,366950,197,44,27,1
fort-atkinson,202509,449700,194,35,24,1
fort-atkinson,202510,448500,188,43,25,1
fort-atkinson,202511,412400,182,32,32,1
fort-atkinson,202512,366000,185,47,29,1
fort-atkinson,202601,375000,196,56,28,1
fort-atkinson,202602,364250,202,43,34,1
fort-atkinson,202603,383600,197,54,35,1
fort-atkinson,202604,399925,200,41,38,1
fort-atkinson,202605,411950,195,49,35,1
fort-atkinson,202606,413725,207,38,40,1
jefferson,201607,173000,96,79,58,1
jefferson,201608,172400,100,77,63,1
jefferson,201609,169900,99,81,53,1
jefferson,201610,169450,101,69,51,1
jefferson,201611,192400,102,85,42,1
jefferson,201612,182400,101,87,39,1
jefferson,201701,182400,101,106,36,1
jefferson,201702,191700,95,104,40,1
jefferson,201703,198950,100,96,40,1
jefferson,201704,176900,108,57,38,1
jefferson,201705,198750,124,66,41,1
jefferson,201706,224975,117,68,38,1
jefferson,201707,230000,119,51,35,1
jefferson,201708,233450,118,49,34,1
jefferson,201709,207400,108,71,36,1
jefferson,201710,211200,103,55,32,1
jefferson,201711,204950,108,64,33,1
jefferson,201712,230000,123,62,27,1
jefferson,201801,224450,122,72,27,1
jefferson,201802,228400,123,95,26,1
jefferson,201803,204900,121,115,20,1
jefferson,201804,214925,121,75,18,1
jefferson,201805,227475,115,26,19,1
jefferson,201806,232450,114,28,24,1
jefferson,201807,192450,119,31,28,1
jefferson,201808,200450,113,34,34,1
jefferson,201809,190000,115,47,38,1
jefferson,201810,221075,116,54,36,1
jefferson,201811,231950,111,70,33,1
jefferson,201812,242200,112,85,30,1
jefferson,201901,191200,109,115,25,1
jefferson,201902,224450,120,127,24,1
jefferson,201903,242043,117,87,25,1
jefferson,201904,244543,124,34,27,1
jefferson,201905,215575,122,37,30,1
jefferson,201906,189950,121,47,32,1
jefferson,201907,196050,118,55,31,1
jefferson,201908,201300,117,56,31,1
jefferson,201909,214575,119,63,32,1
jefferson,201910,222175,118,76,32,1
jefferson,201911,197450,114,101,25,1
jefferson,201912,207950,108,50,25,1
jefferson,202001,212400,109,77,21,1
jefferson,202002,206000,128,55,24,1
jefferson,202003,185175,130,45,31,1
jefferson,202004,208675,123,49,25,1
jefferson,202005,219000,123,53,21,1
jefferson,202006,205750,121,37,22,1
jefferson,202007,228000,123,39,21,1
jefferson,202008,247450,129,42,22,1
jefferson,202009,244500,139,46,17,1
jefferson,202010,230950,127,47,17,1
jefferson,202011,249950,135,28,16,1
jefferson,202012,269925,130,49,11,1
jefferson,202101,269900,131,62,6,1
jefferson,202102,249900,116,22,7,1
jefferson,202103,253675,120,32,9,1
jefferson,202104,274700,133,36,9,1
jefferson,202105,259900,116,24,11,1
jefferson,202106,280725,128,31,12,1
jefferson,202107,255000,135,15,17,1
jefferson,202108,225475,133,30,19,1
jefferson,202109,228425,128,45,18,1
jefferson,202110,245000,131,43,17,1
jefferson,202111,237250,135,44,18,1
jefferson,202112,226750,129,61,19,1
jefferson,202201,274450,123,80,18,1
jefferson,202202,289975,147,26,22,1
jefferson,202203,389900,151,52,20,1
jefferson,202204,360000,151,70,25,1
jefferson,202205,359975,151,79,29,1
jefferson,202206,341100,152,60,30,1
jefferson,202207,364950,151,78,24,1
jefferson,202208,340000,153,45,29,1
jefferson,202209,340900,151,52,27,1
jefferson,202210,347950,152,68,26,1
jefferson,202211,334600,146,46,21,1
jefferson,202212,324900,192,60,19,1
jefferson,202301,299900,191,41,21,1
jefferson,202302,318650,191,43,17,1
jefferson,202303,319900,194,36,14,1
jefferson,202304,299950,182,31,14,1
jefferson,202305,243300,163,33,15,1
jefferson,202306,339675,169,34,15,1
jefferson,202307,339900,185,50,12,1
jefferson,202308,316950,188,38,13,1
jefferson,202309,339900,200,32,21,1
jefferson,202310,324900,196,35,26,1
jefferson,202311,337900,200,45,24,1
jefferson,202312,333400,200,51,17,1
jefferson,202401,323150,207,60,16,1
jefferson,202402,312400,200,35,17,1
jefferson,202403,321950,200,49,14,1
jefferson,202404,320950,200,39,13,1
jefferson,202405,329150,202,33,13,1
jefferson,202406,359000,209,31,12,1
jefferson,202407,335400,185,31,14,1
jefferson,202408,324900,181,37,12,1
jefferson,202409,338050,172,31,15,1
jefferson,202410,324900,187,25,23,1
jefferson,202411,350000,191,47,20,1
jefferson,202412,371950,189,50,20,1
jefferson,202501,384000,190,61,19,1
jefferson,202502,391500,189,38,19,1
jefferson,202503,375000,190,47,17,1
jefferson,202504,369000,188,53,13,1
jefferson,202505,349900,181,28,19,1
jefferson,202506,365000,184,37,21,1
jefferson,202507,367500,180,31,22,1
jefferson,202508,399999,187,38,21,1
jefferson,202509,401675,197,54,21,1
jefferson,202510,396650,216,28,35,1
jefferson,202511,398900,213,39,29,1
jefferson,202512,398900,224,71,25,1
jefferson,202601,398900,223,91,19,1
jefferson,202602,398900,238,133,16,1
jefferson,202603,406950,230,139,17,1
jefferson,202604,415000,224,50,23,1
jefferson,202605,414950,226,55,20,1
jefferson,202606,398000,238,18,32,1
lake-mills,201607,334950,131,58,76,1
lake-mills,201608,318078,128,69,78,1
lake-mills,201609,322500,135,70,73,1
lake-mills,201610,329900,138,80,58,1
lake-mills,201611,332950,139,82,49,1
lake-mills,201612,329900,138,95,40,1
lake-mills,201701,331200,142,114,35,1
lake-mills,201702,407200,142,98,36,1
lake-mills,201703,377400,142,45,44,1
lake-mills,201704,339900,140,61,48,1
lake-mills,201705,327400,138,67,52,1
lake-mills,201706,335550,142,67,53,1
lake-mills,201707,329900,137,67,55,1
lake-mills,201708,349925,140,56,60,1
lake-mills,201709,324900,138,64,58,1
lake-mills,201710,325900,141,78,62,1
lake-mills,201711,337400,141,93,54,1
lake-mills,201712,342400,142,117,45,1
lake-mills,201801,337425,165,149,33,1
lake-mills,201802,357450,170,167,31,1
lake-mills,201803,349900,159,34,39,1
lake-mills,201804,337175,172,48,45,1
lake-mills,201805,373725,179,60,48,1
lake-mills,201806,369900,185,59,44,1
lake-mills,201807,344900,178,81,41,1
lake-mills,201808,328175,180,75,44,1
lake-mills,201809,325000,166,48,44,1
lake-mills,201810,376225,167,79,39,1
lake-mills,201811,333725,156,81,36,1
lake-mills,201812,325000,150,87,31,1
lake-mills,201901,325000,161,115,32,1
lake-mills,201902,449950,199,80,29,1
lake-mills,201903,440336,190,63,29,1
lake-mills,201904,377786,156,53,33,1
lake-mills,201905,414225,168,46,40,1
lake-mills,201906,399900,178,30,46,1
lake-mills,201907,371225,153,45,50,1
lake-mills,201908,398789,161,58,46,1
lake-mills,201909,434472,168,65,42,1
lake-mills,201910,439485,173,72,37,1
lake-mills,201911,375000,151,58,38,1
lake-mills,201912,399900,161,73,38,1
lake-mills,202001,399900,173,90,32,1
lake-mills,202002,449950,161,91,31,1
lake-mills,202003,416850,177,69,36,1
lake-mills,202004,411300,164,66,33,1
lake-mills,202005,327400,160,63,35,1
lake-mills,202006,327450,161,42,39,1
lake-mills,202007,329925,163,53,38,1
lake-mills,202008,399450,161,80,34,1
lake-mills,202009,408650,162,97,30,1
lake-mills,202010,389900,161,89,28,1
lake-mills,202011,366200,157,65,28,1
lake-mills,202012,356200,156,55,25,1
lake-mills,202101,375000,172,61,19,1
lake-mills,202102,507450,173,79,14,1
lake-mills,202103,392150,164,31,18,1
lake-mills,202104,405450,199,19,23,1
lake-mills,202105,399900,200,43,24,1
lake-mills,202106,398500,200,73,34,1
lake-mills,202107,398500,200,57,35,1
lake-mills,202108,384200,190,54,36,1
lake-mills,202109,374200,177,51,42,1
lake-mills,202110,407786,193,61,36,1
lake-mills,202111,408250,174,76,33,1
lake-mills,202112,405000,177,93,30,1
lake-mills,202201,419900,200,91,25,1
lake-mills,202202,415700,202,106,19,1
lake-mills,202203,416150,209,101,18,1
lake-mills,202204,404950,200,15,22,1
lake-mills,202205,407425,215,21,28,1
lake-mills,202206,414550,201,30,32,1
lake-mills,202207,398500,200,32,33,1
lake-mills,202208,398500,200,59,29,1
lake-mills,202209,385825,194,52,22,1
lake-mills,202210,433700,204,47,21,1
lake-mills,202211,435300,206,57,19,1
lake-mills,202212,425000,214,66,15,1
lake-mills,202301,409800,210,38,19,1
lake-mills,202302,413675,214,42,19,1
lake-mills,202303,406175,201,63,17,1
lake-mills,202304,425000,213,39,17,1
lake-mills,202305,438125,213,34,19,1
lake-mills,202306,442450,216,42,22,1
lake-mills,202307,450000,215,39,26,1
lake-mills,202308,450000,214,60,23,1
lake-mills,202309,450000,214,44,19,1
lake-mills,202310,397450,214,41,17,1
lake-mills,202311,428675,217,40,20,1
lake-mills,202312,425000,215,58,17,1
lake-mills,202401,419900,213,83,19,1
lake-mills,202402,424900,209,98,13,1
lake-mills,202403,429950,219,49,10,1
lake-mills,202404,449975,228,52,11,1
lake-mills,202405,393675,188,12,14,1
lake-mills,202406,475000,202,21,24,1
lake-mills,202407,397975,185,48,22,1
lake-mills,202408,399900,196,49,22,1
lake-mills,202409,423650,210,41,25,1
lake-mills,202410,449950,211,51,24,1
lake-mills,202411,449950,213,67,24,1
lake-mills,202412,429900,214,83,18,1
lake-mills,202501,509900,223,99,16,1
lake-mills,202502,444450,222,82,13,1
lake-mills,202503,500250,215,46,10,1
lake-mills,202504,519400,214,35,13,1
lake-mills,202505,508900,272,38,14,1
lake-mills,202506,516175,218,32,11,1
lake-mills,202507,514950,220,40,13,1
lake-mills,202508,499900,218,31,17,1
lake-mills,202509,494900,206,28,21,1
lake-mills,202510,477400,242,31,26,1
lake-mills,202511,449950,237,48,24,1
lake-mills,202512,471200,199,78,18,1
lake-mills,202601,495000,200,69,14,1
lake-mills,202602,454863,221,45,14,1
lake-mills,202603,483700,226,38,11,1
lake-mills,202604,494975,216,35,13,1
lake-mills,202605,525000,224,38,19,1
lake-mills,202606,496175,241,35,23,1
